meetingID,assignmentName,className
6243,Wayne Moore,SCIEN206
6540,Cynthia Martinez,SCIEN206
7285,Wayne Moore,SCIEN206
7479,Cynthia Martinez,SCIEN206
7608,Wayne Moore,SCIEN206
2613,Cynthia Martinez,SCIEN206
3760,Wayne Moore,SCIEN206
7821,Cynthia Martinez,SCIEN206
8546,Wayne Moore,SCIEN206
3606,Cynthia Martinez,SCIEN206
3027,Wayne Moore,SCIEN206
6109,Cynthia Martinez,SCIEN206
3598,Wayne Moore,SCIEN206
3661,Cynthia Martinez,SCIEN206
6244,Wayne Moore,SCIEN206
9559,Cynthia Martinez,SCIEN206
6582,Wayne Moore,SCIEN206
1810,Cynthia Martinez,SCIEN206
7881,Gregory Owens,AGBUS400
8047,Robert Jones,AGBUS400
8472,Joseph Gonzalez,AGBUS400
9685,Gregory Owens,AGBUS400
6966,Robert Jones,AGBUS400
4284,Joseph Gonzalez,AGBUS400
5179,Gregory Owens,AGBUS400
9758,Robert Jones,AGBUS400
9732,Joseph Gonzalez,AGBUS400
5246,Gregory Owens,AGBUS400
9977,Robert Jones,AGBUS400
7539,Joseph Gonzalez,AGBUS400
4356,Gregory Owens,AGBUS400
5879,Robert Jones,AGBUS400
6155,Joseph Gonzalez,AGBUS400
8453,Gregory Owens,AGBUS400
2252,Robert Jones,AGBUS400
1232,Joseph Gonzalez,AGBUS400
7365,Gregory Owens,AGBUS400
8487,Robert Jones,AGBUS400
3076,Joseph Gonzalez,AGBUS400
1141,Gregory Owens,AGBUS400
8392,Robert Jones,AGBUS400
4248,Joseph Gonzalez,AGBUS400
1099,Gregory Owens,AGBUS400
2643,Robert Jones,AGBUS400
4931,Joseph Gonzalez,AGBUS400
2572,Robert Porter,THEDR507
1870,Daniel Nielsen,THEDR507
3445,Melissa Gonzalez,THEDR507
1656,Robert Porter,THEDR507
8770,Daniel Nielsen,THEDR507
6620,Melissa Gonzalez,THEDR507
3586,Robert Porter,THEDR507
9520,Daniel Nielsen,THEDR507
3065,Melissa Gonzalez,THEDR507
5255,Robert Porter,THEDR507
6692,Daniel Nielsen,THEDR507
9573,Melissa Gonzalez,THEDR507
8324,Savannah Gonzalez,ENTIN726
3372,Matthew Miles,ENTIN726
6519,Joseph Rogers,ENTIN726
6975,Savannah Gonzalez,ENTIN726
2393,Matthew Miles,ENTIN726
7852,Joseph Rogers,ENTIN726
5562,Savannah Gonzalez,ENTIN726
3482,Matthew Miles,ENTIN726
2633,Joseph Rogers,ENTIN726
9151,Savannah Gonzalez,ENTIN726
1193,Matthew Miles,ENTIN726
6442,Joseph Rogers,ENTIN726
8360,Savannah Gonzalez,ENTIN726
6159,Matthew Miles,ENTIN726
9615,Joseph Rogers,ENTIN726
6465,Robert Davis,POLSC402
6738,Megan Hodges,POLSC402
6673,Antonio Hernandez,POLSC402
9317,Robert Davis,POLSC402
5894,Megan Hodges,POLSC402
6100,Antonio Hernandez,POLSC402
8070,Robert Davis,POLSC402
3396,Megan Hodges,POLSC402
8366,Antonio Hernandez,POLSC402
6187,Robert Davis,POLSC402
4902,Megan Hodges,POLSC402
8433,Antonio Hernandez,POLSC402
4843,Robert Davis,POLSC402
9454,Megan Hodges,POLSC402
3588,Antonio Hernandez,POLSC402
1533,Jerry Banks,MATHS531
4267,Jimmy Jones,MATHS531
3140,Jerry Banks,MATHS531
1733,Jimmy Jones,MATHS531
3280,Jerry Banks,MATHS531
5124,Jimmy Jones,MATHS531
2882,Jerry Banks,MATHS531
6674,Jimmy Jones,MATHS531
5462,Jerry Banks,MATHS531
1609,Jimmy Jones,MATHS531
8600,Jerry Banks,MATHS531
2737,Jimmy Jones,MATHS531
9525,Jerry Banks,MATHS531
3864,Jimmy Jones,MATHS531
3665,Jerry Banks,MATHS531
1276,Jimmy Jones,MATHS531
4081,Jerry Banks,MATHS531
8424,Jimmy Jones,MATHS531
3808,Megan Salazar,CRIMN618
2244,Megan Salazar,CRIMN618
2549,Megan Salazar,CRIMN618
5470,Megan Salazar,CRIMN618
3287,Megan Salazar,CRIMN618
6453,Megan Salazar,CRIMN618
7201,Danny Smith,TOEDR618
4151,Danny Smith,TOEDR618
7798,Danny Smith,TOEDR618
1900,Danny Smith,TOEDR618
2959,Danny Smith,TOEDR618
1758,Danny Smith,TOEDR618
8749,Doris Krause,ENGEN958
7741,Natasha Webb,ENGEN958
4629,Sabrina Lee,ENGEN958
9529,Doris Krause,ENGEN958
7730,Natasha Webb,ENGEN958
4368,Sabrina Lee,ENGEN958
9665,Doris Krause,ENGEN958
8458,Natasha Webb,ENGEN958
5334,Sabrina Lee,ENGEN958
5693,Doris Krause,ENGEN958
3222,Natasha Webb,ENGEN958
4557,Sabrina Lee,ENGEN958
1030,Doris Krause,ENGEN958
5026,Natasha Webb,ENGEN958
4503,Sabrina Lee,ENGEN958
4039,Doris Krause,ENGEN958
1160,Natasha Webb,ENGEN958
7031,Sabrina Lee,ENGEN958
6557,Doris Krause,ENGEN958
8797,Natasha Webb,ENGEN958
2946,Sabrina Lee,ENGEN958
5838,Doris Krause,ENGEN958
4256,Natasha Webb,ENGEN958
8147,Sabrina Lee,ENGEN958
5088,Doris Krause,ENGEN958
9099,Natasha Webb,ENGEN958
3326,Sabrina Lee,ENGEN958
4270,Mrs. Norma Martinez DVM,MNMGT773
5081,Jennifer Greene,MNMGT773
2967,Donna Petersen,MNMGT773
2203,Mrs. Norma Martinez DVM,MNMGT773
9305,Jennifer Greene,MNMGT773
1732,Donna Petersen,MNMGT773
9164,Mrs. Norma Martinez DVM,MNMGT773
2606,Jennifer Greene,MNMGT773
8591,Donna Petersen,MNMGT773
4796,Mrs. Norma Martinez DVM,MNMGT773
2349,Jennifer Greene,MNMGT773
3221,Donna Petersen,MNMGT773
9618,Mrs. Norma Martinez DVM,MNMGT773
8779,Jennifer Greene,MNMGT773
2340,Donna Petersen,MNMGT773
5934,Mrs. Norma Martinez DVM,MNMGT773
8352,Jennifer Greene,MNMGT773
8569,Donna Petersen,MNMGT773
8448,Mrs. Norma Martinez DVM,MNMGT773
1654,Jennifer Greene,MNMGT773
2704,Donna Petersen,MNMGT773
7168,Mrs. Norma Martinez DVM,MNMGT773
6708,Jennifer Greene,MNMGT773
5622,Donna Petersen,MNMGT773
2829,Martha Mcguire,ACCTN773
6350,Wanda Roberts,ACCTN773
7175,Grace Yu,ACCTN773
1271,Martha Mcguire,ACCTN773
5457,Wanda Roberts,ACCTN773
1557,Grace Yu,ACCTN773
9178,Martha Mcguire,ACCTN773
3288,Wanda Roberts,ACCTN773
1731,Grace Yu,ACCTN773
2569,Martha Mcguire,ACCTN773
1726,Wanda Roberts,ACCTN773
1853,Grace Yu,ACCTN773
6854,Martha Mcguire,ACCTN773
6731,Wanda Roberts,ACCTN773
2480,Grace Yu,ACCTN773
1459,Martha Mcguire,ACCTN773
5096,Wanda Roberts,ACCTN773
4409,Grace Yu,ACCTN773
7940,Martha Mcguire,ACCTN773
5841,Wanda Roberts,ACCTN773
7914,Grace Yu,ACCTN773
7900,Michelle Phillips,SCTED689
6213,Deborah Carpenter,SCTED689
6513,Charles Gordon,SCTED689
8558,Michelle Phillips,SCTED689
8864,Deborah Carpenter,SCTED689
8728,Charles Gordon,SCTED689
2376,Michelle Phillips,SCTED689
8790,Deborah Carpenter,SCTED689
1737,Charles Gordon,SCTED689
7302,Michelle Phillips,SCTED689
7651,Deborah Carpenter,SCTED689
3790,Charles Gordon,SCTED689
5772,Michelle Phillips,SCTED689
7673,Deborah Carpenter,SCTED689
6318,Charles Gordon,SCTED689
2997,Michelle Phillips,SCTED689
9568,Deborah Carpenter,SCTED689
6490,Charles Gordon,SCTED689
8069,Michelle Phillips,SCTED689
2128,Deborah Carpenter,SCTED689
2410,Charles Gordon,SCTED689
8885,Daniel Wong,ACCTN430
7639,Kayla Barnes,ACCTN430
1254,Daniel Wong,ACCTN430
5707,Kayla Barnes,ACCTN430
5660,Daniel Wong,ACCTN430
5237,Kayla Barnes,ACCTN430
1598,Daniel Wong,ACCTN430
1779,Kayla Barnes,ACCTN430
6119,Daniel Wong,ACCTN430
5789,Kayla Barnes,ACCTN430
6055,John Robinson,SOCPY726
1523,Victoria Griffin,SOCPY726
4771,John Robinson,SOCPY726
3795,Victoria Griffin,SOCPY726
5261,John Robinson,SOCPY726
3579,Victoria Griffin,SOCPY726
2564,John Robinson,SOCPY726
9322,Victoria Griffin,SOCPY726
8646,John Robinson,SOCPY726
5204,Victoria Griffin,SOCPY726
2258,John Robinson,SOCPY726
8420,Victoria Griffin,SOCPY726
8750,John Robinson,SOCPY726
1318,Victoria Griffin,SOCPY726
9314,Paul Blanchard,HLTSC507
3581,Paul Blanchard,HLTSC507
1716,Paul Blanchard,HLTSC507
2784,Paul Blanchard,HLTSC507
2281,Paul Blanchard,HLTSC507
7569,Anna Graham,MATHS871
7680,Anna Graham,MATHS871
6804,Anna Graham,MATHS871
3266,Anna Graham,MATHS871
3936,Anna Graham,MATHS871
7455,Anna Graham,MATHS871
6844,Anna Graham,MATHS871
8527,Nicole Woods,PACIS590
9493,Nicole Woods,PACIS590
7181,Nicole Woods,PACIS590
7486,Nicole Woods,PACIS590
9432,Nicole Woods,PACIS590
7624,Nicole Woods,PACIS590
8837,Nicole Woods,PACIS590
5691,Wesley Kelly,INTLC400
5701,Daniel Mccann,INTLC400
5477,Daniel Erickson,INTLC400
3102,Wesley Kelly,INTLC400
4069,Daniel Mccann,INTLC400
8376,Daniel Erickson,INTLC400
2419,Wesley Kelly,INTLC400
7978,Daniel Mccann,INTLC400
3317,Daniel Erickson,INTLC400
7566,Wesley Kelly,INTLC400
2158,Daniel Mccann,INTLC400
3500,Daniel Erickson,INTLC400
1887,Wesley Kelly,INTLC400
5259,Daniel Mccann,INTLC400
1282,Daniel Erickson,INTLC400
8362,Wesley Kelly,INTLC400
2052,Daniel Mccann,INTLC400
1620,Daniel Erickson,INTLC400
7028,Rodney Adams,ENGCV773
7925,Sierra Gross,ENGCV773
4652,Rodney Adams,ENGCV773
5421,Sierra Gross,ENGCV773
8328,Rodney Adams,ENGCV773
4634,Sierra Gross,ENGCV773
7213,Rodney Adams,ENGCV773
2470,Sierra Gross,ENGCV773
6711,Rodney Adams,ENGCV773
8714,Sierra Gross,ENGCV773
1088,Rodney Adams,ENGCV773
8650,Sierra Gross,ENGCV773
4243,Miss Kristin Beltran,EXMBM387
7863,Kristin Reed,EXMBM387
4402,Miss Kristin Beltran,EXMBM387
1775,Kristin Reed,EXMBM387
7308,Miss Kristin Beltran,EXMBM387
6510,Kristin Reed,EXMBM387
9134,Miss Kristin Beltran,EXMBM387
1119,Kristin Reed,EXMBM387
4566,Miss Kristin Beltran,EXMBM387
3747,Kristin Reed,EXMBM387
2699,Miss Kristin Beltran,EXMBM387
8436,Kristin Reed,EXMBM387
7939,Miss Kristin Beltran,EXMBM387
4839,Kristin Reed,EXMBM387
7351,Miss Kristin Beltran,EXMBM387
5428,Kristin Reed,EXMBM387
9889,Miss Kristin Beltran,EXMBM387
1786,Kristin Reed,EXMBM387
5984,Miss Kristin Beltran,EXMBM387
1912,Kristin Reed,EXMBM387
2044,Michelle Bean,SDCOA618
3515,Robert Dorsey,SDCOA618
8501,Michelle Bean,SDCOA618
9788,Robert Dorsey,SDCOA618
5097,Michelle Bean,SDCOA618
2590,Robert Dorsey,SDCOA618
2415,Michelle Bean,SDCOA618
7789,Robert Dorsey,SDCOA618
1857,Michelle Bean,SDCOA618
1370,Robert Dorsey,SDCOA618
1710,Michelle Bean,SDCOA618
1706,Robert Dorsey,SDCOA618
2958,Michelle Bean,SDCOA618
1549,Robert Dorsey,SDCOA618
8142,Michelle Bean,SDCOA618
3846,Robert Dorsey,SDCOA618
8906,Michelle Bean,SDCOA618
1308,Robert Dorsey,SDCOA618
3902,Nicholas Olsen,INDIP811
6372,Tony Krueger,INDIP811
1946,Mrs. Amber Freeman,INDIP811
8408,Nicholas Olsen,INDIP811
5859,Tony Krueger,INDIP811
8614,Mrs. Amber Freeman,INDIP811
2404,Nicholas Olsen,INDIP811
5070,Tony Krueger,INDIP811
7117,Mrs. Amber Freeman,INDIP811
7690,Nicholas Olsen,INDIP811
3973,Tony Krueger,INDIP811
6216,Mrs. Amber Freeman,INDIP811
9324,Nicholas Olsen,INDIP811
7477,Tony Krueger,INDIP811
9538,Mrs. Amber Freeman,INDIP811
5185,Angel Farmer,ENGEE618
5576,Angel Farmer,ENGEE618
3274,Angel Farmer,ENGEE618
9994,Angel Farmer,ENGEE618
8387,Angel Farmer,ENGEE618
5137,Angel Farmer,ENGEE618
8948,Angel Farmer,ENGEE618
6117,Angel Farmer,ENGEE618
2915,Jennifer Farmer,WRITE946
2498,Steven Smith,WRITE946
8634,Michael Horton,WRITE946
7231,Jennifer Farmer,WRITE946
6561,Steven Smith,WRITE946
2758,Michael Horton,WRITE946
5493,Jennifer Farmer,WRITE946
3188,Steven Smith,WRITE946
4089,Michael Horton,WRITE946
4493,Jennifer Farmer,WRITE946
4348,Steven Smith,WRITE946
9700,Michael Horton,WRITE946
3649,Jennifer Farmer,WRITE946
3988,Steven Smith,WRITE946
5277,Michael Horton,WRITE946
3850,Jennifer Farmer,WRITE946
1861,Steven Smith,WRITE946
4469,Michael Horton,WRITE946
1542,Jennifer Farmer,WRITE946
9480,Steven Smith,WRITE946
5847,Michael Horton,WRITE946
2453,Jennifer Farmer,WRITE946
9413,Steven Smith,WRITE946
6592,Michael Horton,WRITE946
9128,David Hobbs,DATAA351
2575,Dr. Brandon Rubio,DATAA351
4316,Emily Lee,DATAA351
8926,David Hobbs,DATAA351
7891,Dr. Brandon Rubio,DATAA351
2735,Emily Lee,DATAA351
1131,David Hobbs,DATAA351
8418,Dr. Brandon Rubio,DATAA351
2811,Emily Lee,DATAA351
9534,David Hobbs,DATAA351
1482,Dr. Brandon Rubio,DATAA351
7930,Emily Lee,DATAA351
7784,David Hobbs,DATAA351
8059,Dr. Brandon Rubio,DATAA351
7938,Emily Lee,DATAA351
1179,David Hobbs,DATAA351
5558,Dr. Brandon Rubio,DATAA351
7257,Emily Lee,DATAA351
6917,David Hobbs,DATAA351
3449,Dr. Brandon Rubio,DATAA351
3414,Emily Lee,DATAA351
3642,David Hobbs,DATAA351
7307,Dr. Brandon Rubio,DATAA351
5992,Emily Lee,DATAA351
5201,Terry Harris PhD,IRSST507
1156,Donna Burnett,IRSST507
5832,Terry Harris PhD,IRSST507
1174,Donna Burnett,IRSST507
9836,Terry Harris PhD,IRSST507
4146,Donna Burnett,IRSST507
3068,Terry Harris PhD,IRSST507
9086,Donna Burnett,IRSST507
5136,Terry Harris PhD,IRSST507
7626,Donna Burnett,IRSST507
1571,Terry Harris PhD,IRSST507
3522,Donna Burnett,IRSST507
4893,Terry Harris PhD,IRSST507
2965,Donna Burnett,IRSST507
6986,Ryan Frank,TWEDR400
4295,Ryan Frank,TWEDR400
9572,Ryan Frank,TWEDR400
4863,Ryan Frank,TWEDR400
7063,Ryan Frank,TWEDR400
6196,Ryan Frank,TWEDR400
7697,Ryan Frank,TWEDR400
2143,Ryan Frank,TWEDR400
5069,Charles Gilbert,PACIS591
9036,Nancy Anderson PhD,PACIS591
3965,Charles Gilbert,PACIS591
3968,Nancy Anderson PhD,PACIS591
8782,Charles Gilbert,PACIS591
1319,Nancy Anderson PhD,PACIS591
1399,Charles Gilbert,PACIS591
3089,Nancy Anderson PhD,PACIS591
2521,Charles Gilbert,PACIS591
1659,Nancy Anderson PhD,PACIS591
8056,Charles Gilbert,PACIS591
6083,Nancy Anderson PhD,PACIS591
5971,Charles Gilbert,PACIS591
4747,Nancy Anderson PhD,PACIS591
2405,Wanda Ross,PHYSC773
3847,Wanda Ross,PHYSC773
9019,Wanda Ross,PHYSC773
3904,Wanda Ross,PHYSC773
2156,Wanda Ross,PHYSC773
8325,Wanda Ross,PHYSC773
4736,Wanda Ross,PHYSC773
7663,Larry Terry,APHYS492
1650,Larry Terry,APHYS492
5759,Larry Terry,APHYS492
8333,Larry Terry,APHYS492
8719,Larry Terry,APHYS492
6013,Larry Terry,APHYS492
3123,Ivan Randall,PHILO730
6508,Thomas Stanley,PHILO730
2754,Reginald Johnson,PHILO730
4476,Ivan Randall,PHILO730
8928,Thomas Stanley,PHILO730
3485,Reginald Johnson,PHILO730
1556,Ivan Randall,PHILO730
6532,Thomas Stanley,PHILO730
8822,Reginald Johnson,PHILO730
4211,Ivan Randall,PHILO730
6905,Thomas Stanley,PHILO730
6230,Reginald Johnson,PHILO730
3214,Ivan Randall,PHILO730
2280,Thomas Stanley,PHILO730
6906,Reginald Johnson,PHILO730
6183,Dan Martin,FPSYC590
5502,Timothy Lewis,FPSYC590
6832,Dan Martin,FPSYC590
6184,Timothy Lewis,FPSYC590
7268,Dan Martin,FPSYC590
5865,Timothy Lewis,FPSYC590
8785,Dan Martin,FPSYC590
5981,Timothy Lewis,FPSYC590
5655,Dan Martin,FPSYC590
8817,Timothy Lewis,FPSYC590
6429,Dan Martin,FPSYC590
3552,Timothy Lewis,FPSYC590
3628,Dan Martin,FPSYC590
2171,Timothy Lewis,FPSYC590
4135,Dan Martin,FPSYC590
5292,Timothy Lewis,FPSYC590
9823,Dan Martin,FPSYC590
3978,Timothy Lewis,FPSYC590
5671,David Mcfarland,CHINE871
3806,Nicholas Heath,CHINE871
6910,Kimberly King,CHINE871
4302,David Mcfarland,CHINE871
9835,Nicholas Heath,CHINE871
3699,Kimberly King,CHINE871
9913,David Mcfarland,CHINE871
6659,Nicholas Heath,CHINE871
8421,Kimberly King,CHINE871
4367,David Mcfarland,CHINE871
9833,Nicholas Heath,CHINE871
1031,Kimberly King,CHINE871
8247,David Mcfarland,CHINE871
4688,Nicholas Heath,CHINE871
6315,Kimberly King,CHINE871
4371,David Mcfarland,CHINE871
1187,Nicholas Heath,CHINE871
1139,Kimberly King,CHINE871
5199,Timothy Morris,PRMGT845
8273,Suzanne Cruz,PRMGT845
5254,Brandon Johnson,PRMGT845
4007,Timothy Morris,PRMGT845
4859,Suzanne Cruz,PRMGT845
7705,Brandon Johnson,PRMGT845
2515,Timothy Morris,PRMGT845
7437,Suzanne Cruz,PRMGT845
1708,Brandon Johnson,PRMGT845
1970,Timothy Morris,PRMGT845
9155,Suzanne Cruz,PRMGT845
7492,Brandon Johnson,PRMGT845
3877,Timothy Morris,PRMGT845
4362,Suzanne Cruz,PRMGT845
1446,Brandon Johnson,PRMGT845
6067,Timothy Morris,PRMGT845
4976,Suzanne Cruz,PRMGT845
9361,Brandon Johnson,PRMGT845
7022,Timothy Morris,PRMGT845
9286,Suzanne Cruz,PRMGT845
1820,Brandon Johnson,PRMGT845
4088,Timothy Morris,PRMGT845
4354,Suzanne Cruz,PRMGT845
6212,Brandon Johnson,PRMGT845
6472,Steven Daniels,INDIP871
8136,Steven Daniels,INDIP871
2799,Steven Daniels,INDIP871
4590,Steven Daniels,INDIP871
6825,Steven Daniels,INDIP871
6723,Steven Daniels,INDIP871
9756,Steven Daniels,INDIP871
7559,Angela Jackson,POLCY773
7097,Shawn Bennett,POLCY773
4594,Mr. Russell Johnson,POLCY773
5110,Angela Jackson,POLCY773
8666,Shawn Bennett,POLCY773
8190,Mr. Russell Johnson,POLCY773
4159,Angela Jackson,POLCY773
6424,Shawn Bennett,POLCY773
9604,Mr. Russell Johnson,POLCY773
7174,Angela Jackson,POLCY773
3373,Shawn Bennett,POLCY773
7440,Mr. Russell Johnson,POLCY773
9858,Angela Jackson,POLCY773
2262,Shawn Bennett,POLCY773
5831,Mr. Russell Johnson,POLCY773
8391,Angela Jackson,POLCY773
4217,Shawn Bennett,POLCY773
6312,Mr. Russell Johnson,POLCY773
6822,Angela Jackson,POLCY773
5801,Shawn Bennett,POLCY773
5820,Mr. Russell Johnson,POLCY773
7495,Angela Jackson,POLCY773
1147,Shawn Bennett,POLCY773
1510,Mr. Russell Johnson,POLCY773
4835,Angela Jackson,POLCY773
2795,Shawn Bennett,POLCY773
9547,Mr. Russell Johnson,POLCY773
5918,Angela Jackson,POLCY773
4564,Shawn Bennett,POLCY773
6671,Mr. Russell Johnson,POLCY773
1799,George Kaufman,ENGLI871
2354,Jamie Mitchell,ENGLI871
6498,Ryan Jackson,ENGLI871
7729,George Kaufman,ENGLI871
5390,Jamie Mitchell,ENGLI871
5049,Ryan Jackson,ENGLI871
3709,George Kaufman,ENGLI871
5272,Jamie Mitchell,ENGLI871
4844,Ryan Jackson,ENGLI871
1098,George Kaufman,ENGLI871
3126,Jamie Mitchell,ENGLI871
4572,Ryan Jackson,ENGLI871
9934,George Kaufman,ENGLI871
5280,Jamie Mitchell,ENGLI871
1220,Ryan Jackson,ENGLI871
1243,George Kaufman,ENGLI871
1021,Jamie Mitchell,ENGLI871
6406,Ryan Jackson,ENGLI871
4225,Michael Lowe,HRMGT958
2068,Gabriel Higgins,HRMGT958
7928,Michael Lowe,HRMGT958
9224,Gabriel Higgins,HRMGT958
6923,Michael Lowe,HRMGT958
7578,Gabriel Higgins,HRMGT958
5716,Michael Lowe,HRMGT958
1455,Gabriel Higgins,HRMGT958
7367,Tina Lopez,SOCIO730
3264,Tina Lopez,SOCIO730
3749,Tina Lopez,SOCIO730
9781,Tina Lopez,SOCIO730
2022,Tina Lopez,SOCIO730
3817,Tina Lopez,SOCIO730
7191,Tina Lopez,SOCIO730
9444,Tina Lopez,SOCIO730
7788,Tina Lopez,SOCIO730
7870,Tina Lopez,SOCIO730
7711,Matthew Henderson,INTLC247
2030,David Richard,INTLC247
9088,Brandon Hensley,INTLC247
1443,Matthew Henderson,INTLC247
6382,David Richard,INTLC247
3458,Brandon Hensley,INTLC247
1941,Matthew Henderson,INTLC247
1677,David Richard,INTLC247
8086,Brandon Hensley,INTLC247
5525,Matthew Henderson,INTLC247
2402,David Richard,INTLC247
1788,Brandon Hensley,INTLC247
8532,Matthew Henderson,INTLC247
3939,David Richard,INTLC247
2583,Brandon Hensley,INTLC247
9667,Matthew Henderson,INTLC247
8168,David Richard,INTLC247
9163,Brandon Hensley,INTLC247
2610,Alexis Castillo,MGSUS689
7458,Alexis Castillo,MGSUS689
8372,Alexis Castillo,MGSUS689
5311,Alexis Castillo,MGSUS689
5371,Alexis Castillo,MGSUS689
2798,Rachel Bailey,CAENL423
7275,Rachel Bailey,CAENL423
5659,Rachel Bailey,CAENL423
1281,Rachel Bailey,CAENL423
6284,Rachel Bailey,CAENL423
8329,Rachel Bailey,CAENL423
6206,Rachel Bailey,CAENL423
3357,Rachel Bailey,CAENL423
3636,Brian Washington,ENSLA591
1795,Lisa Young,ENSLA591
9740,Brian Washington,ENSLA591
6050,Lisa Young,ENSLA591
3605,Brian Washington,ENSLA591
8073,Lisa Young,ENSLA591
2957,Brian Washington,ENSLA591
1339,Lisa Young,ENSLA591
9228,Brian Washington,ENSLA591
3025,Lisa Young,ENSLA591
3110,Sarah Rich,ENGEE206
1172,Taylor Gonzales,ENGEE206
3888,Joseph Lambert,ENGEE206
8013,Sarah Rich,ENGEE206
7935,Taylor Gonzales,ENGEE206
9552,Joseph Lambert,ENGEE206
9716,Sarah Rich,ENGEE206
3276,Taylor Gonzales,ENGEE206
9787,Joseph Lambert,ENGEE206
6594,Sarah Rich,ENGEE206
4819,Taylor Gonzales,ENGEE206
4475,Joseph Lambert,ENGEE206
6040,Sarah Rich,ENGEE206
2139,Taylor Gonzales,ENGEE206
5038,Joseph Lambert,ENGEE206
7520,Erica Ross,WRITE871
2496,Erica Ross,WRITE871
6546,Erica Ross,WRITE871
1394,Erica Ross,WRITE871
6269,Erica Ross,WRITE871
8413,Erica Ross,WRITE871
2253,Erica Ross,WRITE871
2538,Erica Ross,WRITE871
8108,Patricia Shea,ENGCV430
5544,Patricia Shea,ENGCV430
4147,Patricia Shea,ENGCV430
4104,Patricia Shea,ENGCV430
9651,Patricia Shea,ENGCV430
6891,James Allen,SCMGT946
7828,Leonard Lee,SCMGT946
2251,James Allen,SCMGT946
9110,Leonard Lee,SCMGT946
2462,James Allen,SCMGT946
8496,Leonard Lee,SCMGT946
9973,James Allen,SCMGT946
7545,Leonard Lee,SCMGT946
4750,James Allen,SCMGT946
9268,Leonard Lee,SCMGT946
2125,James Allen,SCMGT946
6463,Leonard Lee,SCMGT946
5856,James Allen,SCMGT946
9594,Leonard Lee,SCMGT946
2439,Bianca Cervantes,THEDR947
1121,Bianca Cervantes,THEDR947
8901,Bianca Cervantes,THEDR947
6005,Bianca Cervantes,THEDR947
3293,Bianca Cervantes,THEDR947
8198,Bianca Cervantes,THEDR947
8637,Bianca Cervantes,THEDR947
3323,Bianca Cervantes,THEDR947
1550,Bianca Cervantes,THEDR947
5153,Natasha Padilla,LABST958
6427,Natasha Padilla,LABST958
1988,Natasha Padilla,LABST958
6912,Natasha Padilla,LABST958
6675,Natasha Padilla,LABST958
6313,Natasha Padilla,LABST958
4764,Natasha Padilla,LABST958
2536,Natasha Padilla,LABST958
5161,Natasha Padilla,LABST958
7617,Joshua Watson,BIOMD726
5242,Joshua Watson,BIOMD726
6012,Joshua Watson,BIOMD726
5737,Joshua Watson,BIOMD726
1177,Joshua Watson,BIOMD726
4546,Joshua Watson,BIOMD726
4520,Victoria Ross MD,FOUND423
9184,Victoria Ross MD,FOUND423
7041,Victoria Ross MD,FOUND423
6019,Victoria Ross MD,FOUND423
6893,Victoria Ross MD,FOUND423
8568,Victoria Ross MD,FOUND423
1492,Victoria Ross MD,FOUND423
7827,Janice Gibson,FPSYC871
8509,Anthony Cruz,FPSYC871
1972,Janice Gibson,FPSYC871
6156,Anthony Cruz,FPSYC871
5322,Janice Gibson,FPSYC871
3321,Anthony Cruz,FPSYC871
2450,Janice Gibson,FPSYC871
8287,Anthony Cruz,FPSYC871
2322,Janice Gibson,FPSYC871
4626,Anthony Cruz,FPSYC871
9968,Janice Gibson,FPSYC871
5317,Anthony Cruz,FPSYC871
8399,Janice Gibson,FPSYC871
8260,Anthony Cruz,FPSYC871
8305,Janice Gibson,FPSYC871
8152,Anthony Cruz,FPSYC871
3983,Janice Gibson,FPSYC871
8382,Anthony Cruz,FPSYC871
9640,Janice Gibson,FPSYC871
6637,Anthony Cruz,FPSYC871
3525,Jonathan Baker,JAPAN730
6749,Jonathan Baker,JAPAN730
8512,Jonathan Baker,JAPAN730
9395,Jonathan Baker,JAPAN730
6600,Jonathan Baker,JAPAN730
5720,Jonathan Baker,JAPAN730
8457,Jonathan Baker,JAPAN730
2257,Jonathan Baker,JAPAN730
9655,Jonathan Baker,JAPAN730
6529,Jonathan Baker,JAPAN730
5748,Stephen Greer,APPLN333
7505,Kathryn Johnson,APPLN333
4875,Stephen Greer,APPLN333
8824,Kathryn Johnson,APPLN333
8571,Stephen Greer,APPLN333
3200,Kathryn Johnson,APPLN333
3355,Stephen Greer,APPLN333
6745,Kathryn Johnson,APPLN333
4508,Stephen Greer,APPLN333
6627,Kathryn Johnson,APPLN333
7582,Stephen Greer,APPLN333
6658,Kathryn Johnson,APPLN333
8480,Stephen Greer,APPLN333
6222,Kathryn Johnson,APPLN333
7866,William Beard,POPST492
3711,Gregory Alexander,POPST492
2844,William Beard,POPST492
8229,Gregory Alexander,POPST492
2427,William Beard,POPST492
5129,Gregory Alexander,POPST492
5803,William Beard,POPST492
9976,Gregory Alexander,POPST492
5172,William Beard,POPST492
2243,Gregory Alexander,POPST492
6494,William Beard,POPST492
6599,Gregory Alexander,POPST492
5156,William Beard,POPST492
7699,Gregory Alexander,POPST492
9253,William Beard,POPST492
4706,Gregory Alexander,POPST492
2591,William Beard,POPST492
6263,Gregory Alexander,POPST492
8264,Elizabeth Hayes,LINGS726
6728,Elizabeth Hayes,LINGS726
6415,Elizabeth Hayes,LINGS726
5758,Elizabeth Hayes,LINGS726
5419,Elizabeth Hayes,LINGS726
7853,Nathan Murray,MAOED947
7141,Dennis Willis,MAOED947
5673,James Adams,MAOED947
2922,Nathan Murray,MAOED947
3945,Dennis Willis,MAOED947
5855,James Adams,MAOED947
5824,Nathan Murray,MAOED947
4133,Dennis Willis,MAOED947
9548,James Adams,MAOED947
2581,Nathan Murray,MAOED947
1582,Dennis Willis,MAOED947
2357,James Adams,MAOED947
1622,Nathan Murray,MAOED947
4528,Dennis Willis,MAOED947
6807,James Adams,MAOED947
6317,Nathan Murray,MAOED947
9168,Dennis Willis,MAOED947
9565,James Adams,MAOED947
2034,Melinda Harrison,ACCTN507
5641,Melinda Harrison,ACCTN507
1750,Melinda Harrison,ACCTN507
8968,Melinda Harrison,ACCTN507
5733,Melinda Harrison,ACCTN507
6843,Melinda Harrison,ACCTN507
3124,Melinda Harrison,ACCTN507
3909,Melinda Harrison,ACCTN507
9258,Melinda Harrison,ACCTN507
4350,Melinda Harrison,ACCTN507
5412,Jonathan White,HTHAL689
5126,Edward Greene,HTHAL689
2840,Jonathan White,HTHAL689
5732,Edward Greene,HTHAL689
6669,Jonathan White,HTHAL689
2952,Edward Greene,HTHAL689
3607,Jonathan White,HTHAL689
1894,Edward Greene,HTHAL689
3430,Jonathan White,HTHAL689
3758,Edward Greene,HTHAL689
1123,Jonathan White,HTHAL689
3985,Edward Greene,HTHAL689
8337,Jonathan White,HTHAL689
2862,Edward Greene,HTHAL689
9961,Kelly Hall,SCMGT430
4811,Kelly Hall,SCMGT430
7984,Kelly Hall,SCMGT430
8815,Kelly Hall,SCMGT430
4597,Kelly Hall,SCMGT430
7068,Kelly Hall,SCMGT430
6146,Kelly Hall,SCMGT430
3292,Kelly Hall,SCMGT430
1704,Gwendolyn Garcia,BUSAN903
4660,Gwendolyn Garcia,BUSAN903
8439,Gwendolyn Garcia,BUSAN903
6417,Gwendolyn Garcia,BUSAN903
7801,Gwendolyn Garcia,BUSAN903
3499,Gwendolyn Garcia,BUSAN903
9096,Gwendolyn Garcia,BUSAN903
9848,Gwendolyn Garcia,BUSAN903
9701,Heidi Gibson,ENGEN591
7909,Bethany Delacruz,ENGEN591
3153,Robert Snyder,ENGEN591
9278,Heidi Gibson,ENGEN591
4674,Bethany Delacruz,ENGEN591
2511,Robert Snyder,ENGEN591
7965,Heidi Gibson,ENGEN591
8400,Bethany Delacruz,ENGEN591
3713,Robert Snyder,ENGEN591
3037,Heidi Gibson,ENGEN591
1073,Bethany Delacruz,ENGEN591
8621,Robert Snyder,ENGEN591
2801,Heidi Gibson,ENGEN591
7221,Bethany Delacruz,ENGEN591
7329,Robert Snyder,ENGEN591
8961,Heidi Gibson,ENGEN591
9500,Bethany Delacruz,ENGEN591
9822,Robert Snyder,ENGEN591
8605,Heidi Gibson,ENGEN591
7684,Bethany Delacruz,ENGEN591
5050,Robert Snyder,ENGEN591
6166,Heidi Gibson,ENGEN591
3516,Bethany Delacruz,ENGEN591
6466,Robert Snyder,ENGEN591
6836,Heidi Gibson,ENGEN591
4605,Bethany Delacruz,ENGEN591
6471,Robert Snyder,ENGEN591
8888,Heidi Gibson,ENGEN591
5979,Bethany Delacruz,ENGEN591
3643,Robert Snyder,ENGEN591
4545,Michelle Silva,ENSLA726
3186,Ian Simpson,ENSLA726
6610,Tracy Jones,ENSLA726
6232,Michelle Silva,ENSLA726
7603,Ian Simpson,ENSLA726
5719,Tracy Jones,ENSLA726
4463,Michelle Silva,ENSLA726
3351,Ian Simpson,ENSLA726
5244,Tracy Jones,ENSLA726
8778,Michelle Silva,ENSLA726
9970,Ian Simpson,ENSLA726
3197,Tracy Jones,ENSLA726
5643,Michelle Silva,ENSLA726
4029,Ian Simpson,ENSLA726
4339,Tracy Jones,ENSLA726
7426,Michelle Silva,ENSLA726
1125,Ian Simpson,ENSLA726
9516,Tracy Jones,ENSLA726
9132,Chelsea Woods,TECED492
4668,April Smith,TECED492
7822,Jacob Roberts,TECED492
4584,Chelsea Woods,TECED492
7622,April Smith,TECED492
9291,Jacob Roberts,TECED492
7408,Chelsea Woods,TECED492
4043,April Smith,TECED492
7000,Jacob Roberts,TECED492
5575,Chelsea Woods,TECED492
6874,April Smith,TECED492
7839,Jacob Roberts,TECED492
3677,Chelsea Woods,TECED492
6624,April Smith,TECED492
3304,Jacob Roberts,TECED492
5975,Chelsea Woods,TECED492
4808,April Smith,TECED492
7702,Jacob Roberts,TECED492
3796,Scott Lowery,ENVED591
5527,Steve Evans,ENVED591
5897,Megan Reyes,ENVED591
6233,Scott Lowery,ENVED591
6700,Steve Evans,ENVED591
2223,Megan Reyes,ENVED591
3506,Scott Lowery,ENVED591
1577,Steve Evans,ENVED591
7405,Megan Reyes,ENVED591
5998,Scott Lowery,ENVED591
4093,Steve Evans,ENVED591
8403,Megan Reyes,ENVED591
6647,Scott Lowery,ENVED591
8175,Steve Evans,ENVED591
7229,Megan Reyes,ENVED591
2648,Scott Lowery,ENVED591
6157,Steve Evans,ENVED591
3537,Megan Reyes,ENVED591
3211,Scott Lowery,ENVED591
2975,Steve Evans,ENVED591
7878,Megan Reyes,ENVED591
6084,Kimberly Rogers,THMGT760
1596,Kimberly Rogers,THMGT760
5656,Kimberly Rogers,THMGT760
3767,Kimberly Rogers,THMGT760
7980,Kimberly Rogers,THMGT760
7332,Kimberly Rogers,THMGT760
4740,Kimberly Rogers,THMGT760
2374,Kimberly Rogers,THMGT760
6181,Kimberly Rogers,THMGT760
5290,Nicole Hudson,FPSYC206
8720,Nicole Hudson,FPSYC206
2582,Nicole Hudson,FPSYC206
5461,Nicole Hudson,FPSYC206
4821,Nicole Hudson,FPSYC206
6365,Nicole Hudson,FPSYC206
2323,Kelly Lawson,ADLNG451
8893,Kelly Lawson,ADLNG451
1797,Kelly Lawson,ADLNG451
1325,Kelly Lawson,ADLNG451
4994,Kelly Lawson,ADLNG451
9628,Kelly Lawson,ADLNG451
8538,Kelly Lawson,ADLNG451
6062,Michael Stewart,SCMGT773
8321,Michael Stewart,SCMGT773
2546,Michael Stewart,SCMGT773
5233,Michael Stewart,SCMGT773
1554,Anthony Buchanan,APPLN845
4683,Kayla Martinez,APPLN845
5888,Anthony Buchanan,APPLN845
1110,Kayla Martinez,APPLN845
5509,Anthony Buchanan,APPLN845
4773,Kayla Martinez,APPLN845
5218,Anthony Buchanan,APPLN845
1355,Kayla Martinez,APPLN845
6884,Anthony Buchanan,APPLN845
7780,Kayla Martinez,APPLN845
6098,Anthony Buchanan,APPLN845
3893,Kayla Martinez,APPLN845
1735,Anthony Buchanan,APPLN845
7525,Kayla Martinez,APPLN845
7203,Anthony Buchanan,APPLN845
7504,Kayla Martinez,APPLN845
9769,Anthony Buchanan,APPLN845
8102,Kayla Martinez,APPLN845
6168,Dale Delacruz,ECONS400
3596,Dale Delacruz,ECONS400
8000,Dale Delacruz,ECONS400
5431,Dale Delacruz,ECONS400
5260,Dale Delacruz,ECONS400
1189,Dale Delacruz,ECONS400
5442,Dale Delacruz,ECONS400
7778,Dale Delacruz,ECONS400
1553,Dale Delacruz,ECONS400
5809,Bryan Erickson,MGSYS590
1016,Andrea Cox,MGSYS590
7818,Carmen Sanchez,MGSYS590
6127,Bryan Erickson,MGSYS590
4804,Andrea Cox,MGSYS590
4287,Carmen Sanchez,MGSYS590
4847,Bryan Erickson,MGSYS590
2205,Andrea Cox,MGSYS590
3646,Carmen Sanchez,MGSYS590
4732,Bryan Erickson,MGSYS590
9320,Andrea Cox,MGSYS590
9194,Carmen Sanchez,MGSYS590
9150,Bryan Erickson,MGSYS590
6002,Andrea Cox,MGSYS590
5189,Carmen Sanchez,MGSYS590
7293,Bryan Erickson,MGSYS590
9953,Andrea Cox,MGSYS590
8551,Carmen Sanchez,MGSYS590
4202,Bryan Erickson,MGSYS590
3501,Andrea Cox,MGSYS590
5009,Carmen Sanchez,MGSYS590
1137,Brian King,LEGAL730
9526,Spencer Anderson,LEGAL730
3412,Jose Cline,LEGAL730
2240,Brian King,LEGAL730
4891,Spencer Anderson,LEGAL730
2142,Jose Cline,LEGAL730
9198,Brian King,LEGAL730
5948,Spencer Anderson,LEGAL730
8293,Jose Cline,LEGAL730
8769,Brian King,LEGAL730
8700,Spencer Anderson,LEGAL730
4062,Jose Cline,LEGAL730
7470,Eric Peters,INMGT773
8784,Alicia Castaneda,INMGT773
5529,Brenda Hunt,INMGT773
2219,Eric Peters,INMGT773
9396,Alicia Castaneda,INMGT773
3332,Brenda Hunt,INMGT773
6082,Eric Peters,INMGT773
9460,Alicia Castaneda,INMGT773
8739,Brenda Hunt,INMGT773
2789,Eric Peters,INMGT773
6870,Alicia Castaneda,INMGT773
3235,Brenda Hunt,INMGT773
8549,Eric Peters,INMGT773
2283,Alicia Castaneda,INMGT773
7892,Brenda Hunt,INMGT773
8955,Eric Peters,INMGT773
4382,Alicia Castaneda,INMGT773
8036,Brenda Hunt,INMGT773
7513,Eric Peters,INMGT773
1909,Alicia Castaneda,INMGT773
7985,Brenda Hunt,INMGT773
1020,Jason Williams,SOCPY400
5119,Michelle Ruiz,SOCPY400
4059,Brett Alvarado,SOCPY400
6337,Jason Williams,SOCPY400
6641,Michelle Ruiz,SOCPY400
4933,Brett Alvarado,SOCPY400
6954,Jason Williams,SOCPY400
6725,Michelle Ruiz,SOCPY400
3653,Brett Alvarado,SOCPY400
4912,Jason Williams,SOCPY400
7474,Michelle Ruiz,SOCPY400
1257,Brett Alvarado,SOCPY400
2089,Jason Williams,SOCPY400
5249,Michelle Ruiz,SOCPY400
8187,Brett Alvarado,SOCPY400
9209,Jason Williams,SOCPY400
8533,Michelle Ruiz,SOCPY400
2846,Brett Alvarado,SOCPY400
9331,Peter Hernandez,ADLNG492
2666,Henry Mcdaniel,ADLNG492
1833,Peter Hernandez,ADLNG492
8138,Henry Mcdaniel,ADLNG492
1741,Peter Hernandez,ADLNG492
5052,Henry Mcdaniel,ADLNG492
8514,Peter Hernandez,ADLNG492
9914,Henry Mcdaniel,ADLNG492
2418,Peter Hernandez,ADLNG492
5182,Henry Mcdaniel,ADLNG492
7954,Peter Hernandez,ADLNG492
9137,Henry Mcdaniel,ADLNG492
7993,Peter Hernandez,ADLNG492
1346,Henry Mcdaniel,ADLNG492
5816,Peter Hernandez,ADLNG492
3360,Henry Mcdaniel,ADLNG492
5612,Peter Hernandez,ADLNG492
3895,Henry Mcdaniel,ADLNG492
6644,Peter Hernandez,ADLNG492
2004,Henry Mcdaniel,ADLNG492
7564,Meghan Lopez,GEOGY206
1751,Meghan Lopez,GEOGY206
8488,Meghan Lopez,GEOGY206
9199,Meghan Lopez,GEOGY206
1445,Meghan Lopez,GEOGY206
3856,Meghan Lopez,GEOGY206
6134,Brandon Wells,HRMGT419
6078,Patrick Foster,HRMGT419
7391,Brandon Wells,HRMGT419
6384,Patrick Foster,HRMGT419
9035,Brandon Wells,HRMGT419
4940,Patrick Foster,HRMGT419
6585,Brandon Wells,HRMGT419
5463,Patrick Foster,HRMGT419
1299,Brandon Wells,HRMGT419
3879,Patrick Foster,HRMGT419
8585,Brandon Wells,HRMGT419
9408,Patrick Foster,HRMGT419
3664,Brandon Wells,HRMGT419
2880,Patrick Foster,HRMGT419
7725,Brandon Wells,HRMGT419
3433,Patrick Foster,HRMGT419
9664,Brandon Wells,HRMGT419
3173,Patrick Foster,HRMGT419
5368,Brandon Wells,HRMGT419
5109,Patrick Foster,HRMGT419
9719,Michael Brown,COMPX507
5621,Dale Lawrence,COMPX507
1071,Theresa Lopez,COMPX507
8301,Michael Brown,COMPX507
1519,Dale Lawrence,COMPX507
5273,Theresa Lopez,COMPX507
8442,Michael Brown,COMPX507
5059,Dale Lawrence,COMPX507
5132,Theresa Lopez,COMPX507
8717,Michael Brown,COMPX507
9247,Dale Lawrence,COMPX507
2883,Theresa Lopez,COMPX507
6334,Michael Brown,COMPX507
9313,Dale Lawrence,COMPX507
5418,Theresa Lopez,COMPX507
6116,Michael Brown,COMPX507
8483,Dale Lawrence,COMPX507
9908,Theresa Lopez,COMPX507
4654,Michael Brown,COMPX507
4047,Dale Lawrence,COMPX507
4964,Theresa Lopez,COMPX507
1041,Michael Brown,COMPX507
5821,Dale Lawrence,COMPX507
7298,Theresa Lopez,COMPX507
9705,Michael Brown,COMPX507
9061,Dale Lawrence,COMPX507
9904,Theresa Lopez,COMPX507
2238,Michael Brown,COMPX507
2526,Dale Lawrence,COMPX507
1411,Theresa Lopez,COMPX507
1844,Craig Clark,ENGEN235
4109,Jacob Nelson,ENGEN235
8435,Gail Smith,ENGEN235
9034,Craig Clark,ENGEN235
7311,Jacob Nelson,ENGEN235
8055,Gail Smith,ENGEN235
2185,Craig Clark,ENGEN235
1323,Jacob Nelson,ENGEN235
6441,Gail Smith,ENGEN235
1657,Craig Clark,ENGEN235
8617,Jacob Nelson,ENGEN235
2782,Gail Smith,ENGEN235
6640,Craig Clark,ENGEN235
2620,Jacob Nelson,ENGEN235
6746,Gail Smith,ENGEN235
9484,Craig Clark,ENGEN235
7829,Jacob Nelson,ENGEN235
5700,Gail Smith,ENGEN235
2960,Craig Clark,ENGEN235
2555,Jacob Nelson,ENGEN235
7945,Gail Smith,ENGEN235
7533,Craig Clark,ENGEN235
1313,Jacob Nelson,ENGEN235
6643,Gail Smith,ENGEN235
2229,Craig Clark,ENGEN235
9755,Jacob Nelson,ENGEN235
6581,Gail Smith,ENGEN235
8890,Craig Clark,ENGEN235
6075,Jacob Nelson,ENGEN235
8612,Gail Smith,ENGEN235
2292,Beth Martinez,LLTED946
3952,Beth Martinez,LLTED946
3554,Beth Martinez,LLTED946
3486,Beth Martinez,LLTED946
1773,Beth Martinez,LLTED946
6726,Beth Martinez,LLTED946
3729,Beth Martinez,LLTED946
3437,Beth Martinez,LLTED946
4786,Krystal Love,ENGCB247
8495,Deborah Ingram,ENGCB247
5952,Krystal Love,ENGCB247
6587,Deborah Ingram,ENGCB247
6552,Krystal Love,ENGCB247
1524,Deborah Ingram,ENGCB247
5881,Krystal Love,ENGCB247
3017,Deborah Ingram,ENGCB247
1058,Krystal Love,ENGCB247
9051,Deborah Ingram,ENGCB247
3724,Krystal Love,ENGCB247
2512,Deborah Ingram,ENGCB247
8492,Krystal Love,ENGCB247
9075,Deborah Ingram,ENGCB247
7314,Krystal Love,ENGCB247
5548,Deborah Ingram,ENGCB247
9452,Krystal Love,ENGCB247
8116,Deborah Ingram,ENGCB247
5936,Krystal Love,ENGCB247
4836,Deborah Ingram,ENGCB247
9653,Lisa Scott,HTHPR726
8655,Lisa Scott,HTHPR726
5597,Lisa Scott,HTHPR726
2486,Lisa Scott,HTHPR726
2716,Lisa Scott,HTHPR726
5176,Lisa Scott,HTHPR726
1134,Mr. Roger Williams,SCIEN590
8625,Mr. Roger Williams,SCIEN590
5905,Mr. Roger Williams,SCIEN590
7838,Mr. Roger Williams,SCIEN590
7660,Mr. Roger Williams,SCIEN590
8262,Mr. Roger Williams,SCIEN590
6668,Mr. Roger Williams,SCIEN590
3193,James Wall,TEACH247
3421,Jared Mann,TEACH247
1416,Elizabeth Hernandez,TEACH247
7476,James Wall,TEACH247
9384,Jared Mann,TEACH247
8336,Elizabeth Hernandez,TEACH247
8197,James Wall,TEACH247
7342,Jared Mann,TEACH247
8721,Elizabeth Hernandez,TEACH247
9503,James Wall,TEACH247
1269,Jared Mann,TEACH247
7557,Elizabeth Hernandez,TEACH247
7782,James Wall,TEACH247
5073,Jared Mann,TEACH247
6689,Elizabeth Hernandez,TEACH247
3559,James Wall,TEACH247
7327,Jared Mann,TEACH247
4935,Elizabeth Hernandez,TEACH247
7889,James Wall,TEACH247
2895,Jared Mann,TEACH247
3240,Elizabeth Hernandez,TEACH247
4167,James Wall,TEACH247
1067,Jared Mann,TEACH247
2636,Elizabeth Hernandez,TEACH247
3415,James Wall,TEACH247
3228,Jared Mann,TEACH247
3405,Elizabeth Hernandez,TEACH247
2075,Monica White,ADLNG333
2854,Monica White,ADLNG333
5235,Monica White,ADLNG333
9535,Monica White,ADLNG333
3052,Monica White,ADLNG333
8274,Monica Meyers,NURSE947
7873,Monica Meyers,NURSE947
1436,Monica Meyers,NURSE947
4678,Monica Meyers,NURSE947
7890,Monica Meyers,NURSE947
8604,Monica Meyers,NURSE947
3852,Michael Orr,MARIN419
5229,Michael Orr,MARIN419
3943,Michael Orr,MARIN419
3061,Michael Orr,MARIN419
8111,Jose Jones,INDIP760
4946,Mrs. Tammy Owens,INDIP760
9017,Jose Jones,INDIP760
9348,Mrs. Tammy Owens,INDIP760
7483,Jose Jones,INDIP760
7576,Mrs. Tammy Owens,INDIP760
5216,Jose Jones,INDIP760
6355,Mrs. Tammy Owens,INDIP760
5067,Jose Jones,INDIP760
8873,Mrs. Tammy Owens,INDIP760
2978,Timothy Mitchell,DLRNG507
4793,Sarah Barron,DLRNG507
7871,Nicholas Barnes,DLRNG507
9923,Timothy Mitchell,DLRNG507
5293,Sarah Barron,DLRNG507
1178,Nicholas Barnes,DLRNG507
2518,Timothy Mitchell,DLRNG507
9298,Sarah Barron,DLRNG507
2773,Nicholas Barnes,DLRNG507
9070,Timothy Mitchell,DLRNG507
8139,Sarah Barron,DLRNG507
5645,Nicholas Barnes,DLRNG507
4178,Timothy Mitchell,DLRNG507
6961,Sarah Barron,DLRNG507
9038,Nicholas Barnes,DLRNG507
5999,Timothy Mitchell,DLRNG507
9718,Sarah Barron,DLRNG507
8226,Nicholas Barnes,DLRNG507
3339,Timothy Mitchell,DLRNG507
1298,Sarah Barron,DLRNG507
2517,Nicholas Barnes,DLRNG507
3386,Timothy Mitchell,DLRNG507
5982,Sarah Barron,DLRNG507
9617,Nicholas Barnes,DLRNG507
6274,Timothy Mitchell,DLRNG507
1859,Sarah Barron,DLRNG507
2334,Nicholas Barnes,DLRNG507
6087,Timothy Mitchell,DLRNG507
5593,Sarah Barron,DLRNG507
9715,Nicholas Barnes,DLRNG507
2930,Edward Martin,HTHAL492
7384,Linda Roach,HTHAL492
3034,Edward Martin,HTHAL492
7572,Linda Roach,HTHAL492
6712,Edward Martin,HTHAL492
6174,Linda Roach,HTHAL492
5595,Edward Martin,HTHAL492
2335,Linda Roach,HTHAL492
9138,Edward Martin,HTHAL492
6622,Linda Roach,HTHAL492
3739,Edward Martin,HTHAL492
5023,Linda Roach,HTHAL492
4578,Edward Martin,HTHAL492
4507,Linda Roach,HTHAL492
2875,Edward Martin,HTHAL492
7255,Linda Roach,HTHAL492
2837,Brenda Jackson,TEEDU423
6399,Brenda Jackson,TEEDU423
3262,Brenda Jackson,TEEDU423
8493,Brenda Jackson,TEEDU423
3686,Brenda Jackson,TEEDU423
6473,Brenda Jackson,TEEDU423
1860,Pamela Park,LCOMM247
4419,David Taylor,LCOMM247
7402,Pamela Park,LCOMM247
8540,David Taylor,LCOMM247
1579,Pamela Park,LCOMM247
4577,David Taylor,LCOMM247
8688,Pamela Park,LCOMM247
8972,David Taylor,LCOMM247
6375,Pamela Park,LCOMM247
9021,David Taylor,LCOMM247
7153,Pamela Park,LCOMM247
6093,David Taylor,LCOMM247
1920,Nicole Wall,ENVPL726
9868,Derrick Sullivan,ENVPL726
5245,Nicole Wall,ENVPL726
8007,Derrick Sullivan,ENVPL726
8037,Nicole Wall,ENVPL726
2082,Derrick Sullivan,ENVPL726
2974,Nicole Wall,ENVPL726
2904,Derrick Sullivan,ENVPL726
2426,Nicole Wall,ENVPL726
2929,Derrick Sullivan,ENVPL726
6602,Nicole Wall,ENVPL726
3583,Derrick Sullivan,ENVPL726
2769,Jose Miller,AGBUS451
3272,Jose Miller,AGBUS451
3301,Jose Miller,AGBUS451
7988,Jose Miller,AGBUS451
5813,Jose Miller,AGBUS451
8516,Jose Miller,AGBUS451
4492,Caitlyn Collins,GEOGY507
2732,Caitlyn Collins,GEOGY507
8094,Caitlyn Collins,GEOGY507
2265,Caitlyn Collins,GEOGY507
7369,Caitlyn Collins,GEOGY507
6578,Caitlyn Collins,GEOGY507
3624,Caitlyn Collins,GEOGY507
8974,Maria Landry,THSTS845
7060,Sabrina Jensen,THSTS845
7606,Maria Landry,THSTS845
5547,Sabrina Jensen,THSTS845
4273,Maria Landry,THSTS845
8845,Sabrina Jensen,THSTS845
6069,Maria Landry,THSTS845
6933,Sabrina Jensen,THSTS845
8100,Maria Landry,THSTS845
7765,Sabrina Jensen,THSTS845
6311,Denise Zuniga,THEDR351
8432,Brandi King,THEDR351
4886,Amy Simmons,THEDR351
8920,Denise Zuniga,THEDR351
2345,Brandi King,THEDR351
7115,Amy Simmons,THEDR351
9364,Denise Zuniga,THEDR351
6439,Brandi King,THEDR351
7362,Amy Simmons,THEDR351
6477,Denise Zuniga,THEDR351
9458,Brandi King,THEDR351
4552,Amy Simmons,THEDR351
9105,Denise Zuniga,THEDR351
5271,Brandi King,THEDR351
4860,Amy Simmons,THEDR351
7549,Susan Torres,THEDR492
6076,Scott Gardner,THEDR492
8599,Susan Torres,THEDR492
5060,Scott Gardner,THEDR492
1761,Susan Torres,THEDR492
1756,Scott Gardner,THEDR492
8872,Susan Torres,THEDR492
5386,Scott Gardner,THEDR492
7001,Susan Torres,THEDR492
6085,Scott Gardner,THEDR492
2802,Ann Bishop,SCTED235
3741,Ann Bishop,SCTED235
4965,Ann Bishop,SCTED235
8005,Ann Bishop,SCTED235
2722,Ann Bishop,SCTED235
6651,Ann Bishop,SCTED235
9488,Ann Bishop,SCTED235
9683,Ann Bishop,SCTED235
9723,Ann Bishop,SCTED235
8647,Ann Bishop,SCTED235
9991,Jessica Black,CRSCI402
7375,Sandra Johnson,CRSCI402
4518,Amy Adams,CRSCI402
6186,Jessica Black,CRSCI402
2991,Sandra Johnson,CRSCI402
5103,Amy Adams,CRSCI402
4880,Jessica Black,CRSCI402
1792,Sandra Johnson,CRSCI402
6000,Amy Adams,CRSCI402
3716,Jessica Black,CRSCI402
2993,Sandra Johnson,CRSCI402
8288,Amy Adams,CRSCI402
9690,Jessica Black,CRSCI402
5969,Sandra Johnson,CRSCI402
8692,Amy Adams,CRSCI402
8730,Darin Harris,EDLED845
8331,Darin Harris,EDLED845
9847,Darin Harris,EDLED845
3338,Darin Harris,EDLED845
4711,Darin Harris,EDLED845
6765,Darin Harris,EDLED845
2641,Darin Harris,EDLED845
5909,Darin Harris,EDLED845
6759,Dillon Douglas,EARTH591
4897,Dillon Douglas,EARTH591
2635,Dillon Douglas,EARTH591
5962,Dillon Douglas,EARTH591
9885,Dillon Douglas,EARTH591
5927,Dillon Douglas,EARTH591
4857,Dillon Douglas,EARTH591
1995,Dillon Douglas,EARTH591
6942,Dillon Douglas,EARTH591
1061,Dillon Douglas,EARTH591
6838,Joseph Jacobson,TECED590
4232,Joseph Jacobson,TECED590
3177,Joseph Jacobson,TECED590
4247,Joseph Jacobson,TECED590
4616,Joseph Jacobson,TECED590
2247,Joseph Jacobson,TECED590
4918,Joseph Jacobson,TECED590
7625,Joseph Jacobson,TECED590
3252,Russell Horton,ENGEN531
4704,Russell Horton,ENGEN531
7456,Russell Horton,ENGEN531
3029,Russell Horton,ENGEN531
4560,Russell Horton,ENGEN531
4593,Russell Horton,ENGEN531
2025,Russell Horton,ENGEN531
9778,Russell Horton,ENGEN531
4028,Russell Horton,ENGEN531
6796,Larry Leonard,TOEDR206
5098,David Carrillo,TOEDR206
5131,Matthew Garcia,TOEDR206
2141,Larry Leonard,TOEDR206
4961,David Carrillo,TOEDR206
9172,Matthew Garcia,TOEDR206
2830,Larry Leonard,TOEDR206
2713,David Carrillo,TOEDR206
2195,Matthew Garcia,TOEDR206
8808,Larry Leonard,TOEDR206
5887,David Carrillo,TOEDR206
6208,Matthew Garcia,TOEDR206
7335,Larry Leonard,TOEDR206
9593,David Carrillo,TOEDR206
3828,Matthew Garcia,TOEDR206
1936,Larry Leonard,TOEDR206
2671,David Carrillo,TOEDR206
4831,Matthew Garcia,TOEDR206
1450,Larry Leonard,TOEDR206
8756,David Carrillo,TOEDR206
9975,Matthew Garcia,TOEDR206
2457,John Anthony,HSHUP531
9481,Molly Brown,HSHUP531
3479,John Anthony,HSHUP531
5100,Molly Brown,HSHUP531
7946,John Anthony,HSHUP531
5305,Molly Brown,HSHUP531
8669,John Anthony,HSHUP531
9383,Molly Brown,HSHUP531
9302,John Anthony,HSHUP531
1645,Molly Brown,HSHUP531
4242,John Anthony,HSHUP531
4758,Molly Brown,HSHUP531
7411,John Anthony,HSHUP531
3308,Molly Brown,HSHUP531
3387,John Anthony,HSHUP531
6799,Molly Brown,HSHUP531
3381,Jessica Brown,INTLC760
1923,Jessica Brown,INTLC760
8390,Jessica Brown,INTLC760
3385,Jessica Brown,INTLC760
5253,Dennis Lopez,DSIGN947
8891,Dennis Lopez,DSIGN947
7392,Dennis Lopez,DSIGN947
8798,Dennis Lopez,DSIGN947
2290,Dennis Lopez,DSIGN947
1144,Dennis Lopez,DSIGN947
6824,Dennis Lopez,DSIGN947
3513,Dawn Waller,MAORI903
9614,Dawn Waller,MAORI903
4960,Dawn Waller,MAORI903
3251,Dawn Waller,MAORI903
2013,Dawn Waller,MAORI903
1185,Dawn Waller,MAORI903
6394,Dawn Waller,MAORI903
1070,Shelly Ramos,ARTSW451
7976,Andrew Conway,ARTSW451
9844,Stephen Murphy,ARTSW451
6142,Shelly Ramos,ARTSW451
3652,Andrew Conway,ARTSW451
1359,Stephen Murphy,ARTSW451
4181,Shelly Ramos,ARTSW451
7086,Andrew Conway,ARTSW451
7432,Stephen Murphy,ARTSW451
5300,Shelly Ramos,ARTSW451
5177,Andrew Conway,ARTSW451
3483,Stephen Murphy,ARTSW451
7438,Shelly Ramos,ARTSW451
9368,Andrew Conway,ARTSW451
6108,Stephen Murphy,ARTSW451
7861,Shelly Ramos,ARTSW451
3899,Andrew Conway,ARTSW451
7347,Stephen Murphy,ARTSW451
9743,Shelly Ramos,ARTSW451
1402,Andrew Conway,ARTSW451
4487,Stephen Murphy,ARTSW451
3853,Shelly Ramos,ARTSW451
7200,Andrew Conway,ARTSW451
5155,Stephen Murphy,ARTSW451
3190,Shelly Ramos,ARTSW451
9197,Andrew Conway,ARTSW451
3484,Stephen Murphy,ARTSW451
7957,Shelly Ramos,ARTSW451
3775,Andrew Conway,ARTSW451
5123,Stephen Murphy,ARTSW451
3759,Nicole Kelly,COUNS726
8169,Kathryn Thomas,COUNS726
4627,Angela Sawyer,COUNS726
5047,Nicole Kelly,COUNS726
4009,Kathryn Thomas,COUNS726
6136,Angela Sawyer,COUNS726
2647,Nicole Kelly,COUNS726
1214,Kathryn Thomas,COUNS726
3474,Angela Sawyer,COUNS726
8664,Nicole Kelly,COUNS726
8291,Kathryn Thomas,COUNS726
9243,Angela Sawyer,COUNS726
6512,Nicole Kelly,COUNS726
2866,Kathryn Thomas,COUNS726
6131,Angela Sawyer,COUNS726
4317,Nicole Kelly,COUNS726
8199,Kathryn Thomas,COUNS726
2110,Angela Sawyer,COUNS726
5108,Nicole Kelly,COUNS726
1740,Kathryn Thomas,COUNS726
9647,Angela Sawyer,COUNS726
2386,Alicia Stanley,APPLN492
1102,Alicia Stanley,APPLN492
4204,Alicia Stanley,APPLN492
7282,Alicia Stanley,APPLN492
1309,Alicia Stanley,APPLN492
1496,Thomas Graham MD,ENGCV247
7552,Richard Miller,ENGCV247
6633,Shawn Thomas,ENGCV247
9436,Thomas Graham MD,ENGCV247
8960,Richard Miller,ENGCV247
4910,Shawn Thomas,ENGCV247
8396,Thomas Graham MD,ENGCV247
5617,Richard Miller,ENGCV247
2208,Shawn Thomas,ENGCV247
7223,Thomas Graham MD,ENGCV247
6621,Richard Miller,ENGCV247
8296,Shawn Thomas,ENGCV247
1306,Thomas Graham MD,ENGCV247
5146,Richard Miller,ENGCV247
6319,Shawn Thomas,ENGCV247
5221,Thomas Graham MD,ENGCV247
7667,Richard Miller,ENGCV247
2021,Shawn Thomas,ENGCV247
9794,Paul Davis,MGSYS423
7820,Paul Davis,MGSYS423
7488,Paul Davis,MGSYS423
4384,Paul Davis,MGSYS423
9366,Paul Davis,MGSYS423
3799,Paul Davis,MGSYS423
9993,Paul Davis,MGSYS423
8323,Paul Davis,MGSYS423
2711,Paul Davis,MGSYS423
2698,Paul Davis,MGSYS423
4255,Tracy Robinson,EVSOC333
7981,Jennifer Pope,EVSOC333
2783,Laura May,EVSOC333
6898,Tracy Robinson,EVSOC333
7339,Jennifer Pope,EVSOC333
6141,Laura May,EVSOC333
9691,Tracy Robinson,EVSOC333
2077,Jennifer Pope,EVSOC333
6361,Laura May,EVSOC333
1143,Tracy Robinson,EVSOC333
6137,Jennifer Pope,EVSOC333
6697,Laura May,EVSOC333
5954,Tracy Robinson,EVSOC333
5972,Jennifer Pope,EVSOC333
6467,Laura May,EVSOC333
7152,Tracy Robinson,EVSOC333
5815,Jennifer Pope,EVSOC333
9400,Laura May,EVSOC333
8077,Tracy Robinson,EVSOC333
2797,Jennifer Pope,EVSOC333
9089,Laura May,EVSOC333
2087,Tracy Robinson,EVSOC333
8195,Jennifer Pope,EVSOC333
8878,Laura May,EVSOC333
8862,Tracy Robinson,EVSOC333
1477,Jennifer Pope,EVSOC333
6667,Laura May,EVSOC333
8146,Thomas Davis,SDCOA689
4411,Nancy Johnson MD,SDCOA689
2464,Thomas Davis,SDCOA689
8736,Nancy Johnson MD,SDCOA689
7733,Thomas Davis,SDCOA689
6052,Nancy Johnson MD,SDCOA689
5248,Thomas Davis,SDCOA689
2747,Nancy Johnson MD,SDCOA689
4222,Thomas Davis,SDCOA689
9662,Nancy Johnson MD,SDCOA689
8507,Thomas Davis,SDCOA689
2821,Nancy Johnson MD,SDCOA689
7812,Thomas Davis,SDCOA689
7849,Nancy Johnson MD,SDCOA689
9275,Thomas Davis,SDCOA689
6303,Nancy Johnson MD,SDCOA689
2786,Thomas Davis,SDCOA689
1828,Nancy Johnson MD,SDCOA689
9052,Thomas Davis,SDCOA689
9148,Nancy Johnson MD,SDCOA689
1272,Brett Allen,ENGLI235
7973,Devin Watson,ENGLI235
2934,Brett Allen,ENGLI235
2414,Devin Watson,ENGLI235
2736,Brett Allen,ENGLI235
8559,Devin Watson,ENGLI235
1332,Brett Allen,ENGLI235
3938,Devin Watson,ENGLI235
6801,Brett Allen,ENGLI235
7882,Devin Watson,ENGLI235
1865,Brett Allen,ENGLI235
5363,Devin Watson,ENGLI235
3207,Brett Allen,ENGLI235
5239,Devin Watson,ENGLI235
5042,Brett Allen,ENGLI235
3195,Devin Watson,ENGLI235
6797,Brett Allen,ENGLI235
3248,Devin Watson,ENGLI235
5942,Brett Allen,ENGLI235
2200,Devin Watson,ENGLI235
1975,Karen Lee,PUBRL531
5319,Sydney Johnson,PUBRL531
8091,Karen Lee,PUBRL531
1888,Sydney Johnson,PUBRL531
2423,Karen Lee,PUBRL531
4433,Sydney Johnson,PUBRL531
3117,Karen Lee,PUBRL531
3031,Sydney Johnson,PUBRL531
8393,Karen Lee,PUBRL531
1703,Sydney Johnson,PUBRL531
8160,Karen Lee,PUBRL531
2663,Sydney Johnson,PUBRL531
5456,Karen Lee,PUBRL531
4258,Sydney Johnson,PUBRL531
7104,Lindsay Brock,ARTSC247
6437,Mark Greene,ARTSC247
6694,Lindsay Brock,ARTSC247
4929,Mark Greene,ARTSC247
7233,Lindsay Brock,ARTSC247
7635,Mark Greene,ARTSC247
9080,Lindsay Brock,ARTSC247
5619,Mark Greene,ARTSC247
3081,Lindsay Brock,ARTSC247
3307,Mark Greene,ARTSC247
5406,Lindsay Brock,ARTSC247
2979,Mark Greene,ARTSC247
1541,Henry Payne,MGSYS618
2601,Gregory Flores,MGSYS618
3966,Melissa Garza,MGSYS618
1400,Henry Payne,MGSYS618
5608,Gregory Flores,MGSYS618
8710,Melissa Garza,MGSYS618
4943,Henry Payne,MGSYS618
4103,Gregory Flores,MGSYS618
3925,Melissa Garza,MGSYS618
9532,Henry Payne,MGSYS618
8068,Gregory Flores,MGSYS618
3719,Melissa Garza,MGSYS618
7931,Henry Payne,MGSYS618
6650,Gregory Flores,MGSYS618
4244,Melissa Garza,MGSYS618
1108,Henry Payne,MGSYS618
9930,Gregory Flores,MGSYS618
9031,Melissa Garza,MGSYS618
5697,Henry Payne,MGSYS618
9978,Gregory Flores,MGSYS618
2430,Melissa Garza,MGSYS618
5681,Henry Payne,MGSYS618
3230,Gregory Flores,MGSYS618
8776,Melissa Garza,MGSYS618
7154,Henry Payne,MGSYS618
3380,Gregory Flores,MGSYS618
2939,Melissa Garza,MGSYS618
3199,Carlos Eaton,POPST726
3139,Kevin Ferrell,POPST726
3723,Christopher Schneider,POPST726
2907,Carlos Eaton,POPST726
4624,Kevin Ferrell,POPST726
8656,Christopher Schneider,POPST726
5343,Carlos Eaton,POPST726
4694,Kevin Ferrell,POPST726
5467,Christopher Schneider,POPST726
6207,Carlos Eaton,POPST726
6403,Kevin Ferrell,POPST726
3284,Christopher Schneider,POPST726
8697,Carlos Eaton,POPST726
6280,Kevin Ferrell,POPST726
4833,Christopher Schneider,POPST726
9609,Carlos Eaton,POPST726
1984,Kevin Ferrell,POPST726
2887,Christopher Schneider,POPST726
9370,Carlos Eaton,POPST726
7502,Kevin Ferrell,POPST726
9638,Christopher Schneider,POPST726
9996,Carlos Eaton,POPST726
2064,Kevin Ferrell,POPST726
5563,Christopher Schneider,POPST726
3947,Carlos Eaton,POPST726
9775,Kevin Ferrell,POPST726
7858,Christopher Schneider,POPST726
8044,Carlos Eaton,POPST726
5543,Kevin Ferrell,POPST726
2719,Christopher Schneider,POPST726
9239,Kathleen Shields,LCOMM419
5564,Bryan Harvey,LCOMM419
8510,Kathleen Shields,LCOMM419
6495,Bryan Harvey,LCOMM419
7983,Kathleen Shields,LCOMM419
2050,Bryan Harvey,LCOMM419
2938,Kathleen Shields,LCOMM419
9284,Bryan Harvey,LCOMM419
6022,Kathleen Shields,LCOMM419
5274,Bryan Harvey,LCOMM419
6823,Kathleen Shields,LCOMM419
4234,Bryan Harvey,LCOMM419
3840,Kathleen Shields,LCOMM419
7767,Bryan Harvey,LCOMM419
8427,Steven Spencer,ENGEV402
1774,Steven Spencer,ENGEV402
6428,Steven Spencer,ENGEV402
4183,Steven Spencer,ENGEV402
8696,Steven Spencer,ENGEV402
1588,Steven Spencer,ENGEV402
5167,Steven Spencer,ENGEV402
3993,Steven Spencer,ENGEV402
8575,Monica Robinson,ARTSC618
3149,Monica Robinson,ARTSC618
9620,Monica Robinson,ARTSC618
3571,Monica Robinson,ARTSC618
1545,Monica Robinson,ARTSC618
1157,Monica Robinson,ARTSC618
2384,Monica Robinson,ARTSC618
7643,Monica Robinson,ARTSC618
6443,Angela Stone,SPNSH871
2629,Angela Stone,SPNSH871
9748,Angela Stone,SPNSH871
1422,Angela Stone,SPNSH871
3804,Angela Stone,SPNSH871
9285,Angela Stone,SPNSH871
7070,Angela Stone,SPNSH871
9680,Angela Stone,SPNSH871
2600,Angela Stone,SPNSH871
8061,Angela Stone,SPNSH871
5891,Tommy Graham,ADLNG773
5726,Allison Johnson,ADLNG773
2445,Tommy Graham,ADLNG773
5163,Allison Johnson,ADLNG773
6684,Tommy Graham,ADLNG773
9472,Allison Johnson,ADLNG773
7242,Tommy Graham,ADLNG773
1784,Allison Johnson,ADLNG773
5095,Tommy Graham,ADLNG773
7297,Allison Johnson,ADLNG773
4569,Tommy Graham,ADLNG773
5332,Allison Johnson,ADLNG773
1244,Tommy Graham,ADLNG773
9474,Allison Johnson,ADLNG773
8241,Tommy Graham,ADLNG773
4467,Allison Johnson,ADLNG773
5933,Tommy Graham,ADLNG773
5433,Allison Johnson,ADLNG773
4958,Jacob Holmes,SOCWK235
6425,Michael Hinton,SOCWK235
8375,Misty Lloyd,SOCWK235
3746,Jacob Holmes,SOCWK235
5152,Michael Hinton,SOCWK235
4687,Misty Lloyd,SOCWK235
7521,Jacob Holmes,SOCWK235
9158,Michael Hinton,SOCWK235
1613,Misty Lloyd,SOCWK235
4930,Jacob Holmes,SOCWK235
2551,Michael Hinton,SOCWK235
2074,Misty Lloyd,SOCWK235
3494,Jacob Holmes,SOCWK235
8249,Michael Hinton,SOCWK235
6197,Misty Lloyd,SOCWK235
8560,Jacob Holmes,SOCWK235
2369,Michael Hinton,SOCWK235
3329,Misty Lloyd,SOCWK235
1366,Jacob Holmes,SOCWK235
3934,Michael Hinton,SOCWK235
6276,Misty Lloyd,SOCWK235
1736,Jacob Holmes,SOCWK235
3394,Michael Hinton,SOCWK235
3151,Misty Lloyd,SOCWK235
8709,Jacob Holmes,SOCWK235
9763,Michael Hinton,SOCWK235
2189,Misty Lloyd,SOCWK235
2977,Christian Campos,ENGCV400
7845,Lisa Santana,ENGCV400
6558,Mary Huff,ENGCV400
1901,Christian Campos,ENGCV400
5632,Lisa Santana,ENGCV400
5844,Mary Huff,ENGCV400
8535,Christian Campos,ENGCV400
1013,Lisa Santana,ENGCV400
6982,Mary Huff,ENGCV400
6148,Christian Campos,ENGCV400
2908,Lisa Santana,ENGCV400
7421,Mary Huff,ENGCV400
1186,Christian Campos,ENGCV400
4430,Lisa Santana,ENGCV400
3073,Mary Huff,ENGCV400
7876,Christian Campos,ENGCV400
7832,Lisa Santana,ENGCV400
4136,Mary Huff,ENGCV400
4727,Christian Campos,ENGCV400
9727,Lisa Santana,ENGCV400
6606,Mary Huff,ENGCV400
4774,Christian Campos,ENGCV400
8409,Lisa Santana,ENGCV400
6648,Mary Huff,ENGCV400
3261,Christian Campos,ENGCV400
2152,Lisa Santana,ENGCV400
8126,Mary Huff,ENGCV400
7678,Christian Campos,ENGCV400
1227,Lisa Santana,ENGCV400
8206,Mary Huff,ENGCV400
9336,Amanda Simmons,MUSIC492
9826,Brian Curtis,MUSIC492
9073,Amanda Simmons,MUSIC492
1050,Brian Curtis,MUSIC492
2272,Amanda Simmons,MUSIC492
3349,Brian Curtis,MUSIC492
7906,Amanda Simmons,MUSIC492
2120,Brian Curtis,MUSIC492
3995,Amanda Simmons,MUSIC492
6972,Brian Curtis,MUSIC492
1349,Amanda Simmons,MUSIC492
1127,Brian Curtis,MUSIC492
2896,Amanda Simmons,MUSIC492
6335,Brian Curtis,MUSIC492
1665,Amanda Simmons,MUSIC492
5607,Brian Curtis,MUSIC492
1126,Amanda Simmons,MUSIC492
2220,Brian Curtis,MUSIC492
9689,Andrew Hicks,DATAA689
8265,Kelly Hart,DATAA689
5951,Andrew Hicks,DATAA689
8820,Kelly Hart,DATAA689
6757,Andrew Hicks,DATAA689
6346,Kelly Hart,DATAA689
2324,Andrew Hicks,DATAA689
7683,Kelly Hart,DATAA689
2035,Andrew Hicks,DATAA689
8172,Kelly Hart,DATAA689
2138,Andrew Hicks,DATAA689
1913,Kelly Hart,DATAA689
2836,Andrew Hicks,DATAA689
1558,Kelly Hart,DATAA689
8124,Frederick Miller,AQCUL387
4294,Frederick Miller,AQCUL387
3279,Frederick Miller,AQCUL387
7445,Frederick Miller,AQCUL387
3672,Frederick Miller,AQCUL387
1658,Frederick Miller,AQCUL387
2024,Frederick Miller,AQCUL387
5041,Frederick Miller,AQCUL387
7469,Frederick Miller,AQCUL387
5983,James Lee,MATHS811
4506,Pamela Clark,MATHS811
7662,James Lee,MATHS811
4992,Pamela Clark,MATHS811
2774,James Lee,MATHS811
5590,Pamela Clark,MATHS811
6091,James Lee,MATHS811
7202,Pamela Clark,MATHS811
1365,James Lee,MATHS811
5190,Pamela Clark,MATHS811
4735,James Lee,MATHS811
3334,Pamela Clark,MATHS811
4589,Jennifer Sutton,MARIN531
1063,Jennifer Sutton,MARIN531
4238,Jennifer Sutton,MARIN531
5434,Jennifer Sutton,MARIN531
7217,Jennifer Sutton,MARIN531
8998,Jennifer Sutton,MARIN531
4868,Tammy Zimmerman,MGSYS689
4866,James Mcintyre,MGSYS689
4751,Ryan Miller,MGSYS689
8178,Tammy Zimmerman,MGSYS689
1334,James Mcintyre,MGSYS689
8450,Ryan Miller,MGSYS689
1676,Tammy Zimmerman,MGSYS689
1265,James Mcintyre,MGSYS689
8679,Ryan Miller,MGSYS689
1916,Tammy Zimmerman,MGSYS689
7317,James Mcintyre,MGSYS689
1035,Ryan Miller,MGSYS689
4416,Tammy Zimmerman,MGSYS689
6903,James Mcintyre,MGSYS689
1250,Ryan Miller,MGSYS689
6654,Tammy Zimmerman,MGSYS689
8632,James Mcintyre,MGSYS689
7904,Ryan Miller,MGSYS689
4423,Tammy Zimmerman,MGSYS689
1805,James Mcintyre,MGSYS689
1464,Ryan Miller,MGSYS689
8121,Alyssa Rhodes,CAAEN492
5458,Alyssa Rhodes,CAAEN492
4074,Alyssa Rhodes,CAAEN492
7540,Alyssa Rhodes,CAAEN492
2540,Alyssa Rhodes,CAAEN492
9678,Danny Leonard,CAAEN451
6533,Danny Leonard,CAAEN451
9416,Danny Leonard,CAAEN451
3912,Danny Leonard,CAAEN451
1570,Danny Leonard,CAAEN451
2943,Danny Leonard,CAAEN451
9425,Danny Leonard,CAAEN451
5943,Cheryl Juarez,THSTS947
6451,Mrs. Mary Mcknight DDS,THSTS947
4892,Courtney Booth,THSTS947
6792,Cheryl Juarez,THSTS947
2603,Mrs. Mary Mcknight DDS,THSTS947
5485,Courtney Booth,THSTS947
5916,Cheryl Juarez,THSTS947
1085,Mrs. Mary Mcknight DDS,THSTS947
1625,Courtney Booth,THSTS947
4292,Cheryl Juarez,THSTS947
5495,Mrs. Mary Mcknight DDS,THSTS947
1434,Courtney Booth,THSTS947
8694,Cheryl Juarez,THSTS947
7357,Mrs. Mary Mcknight DDS,THSTS947
7102,Courtney Booth,THSTS947
4364,Cynthia Garner,LINGS351
3941,David Leon,LINGS351
3831,Cynthia Garner,LINGS351
1539,David Leon,LINGS351
2328,Cynthia Garner,LINGS351
6847,David Leon,LINGS351
3641,Cynthia Garner,LINGS351
4361,David Leon,LINGS351
5113,Cynthia Garner,LINGS351
2407,David Leon,LINGS351
2235,Cynthia Garner,LINGS351
3708,David Leon,LINGS351
9598,Cynthia Garner,LINGS351
4666,David Leon,LINGS351
9495,Cynthia Garner,LINGS351
6956,David Leon,LINGS351
4938,Cynthia Garner,LINGS351
2675,David Leon,LINGS351
9326,Kelly Wolfe,BUSAN507
3821,Brooke Morrison,BUSAN507
5323,Kelly Wolfe,BUSAN507
7628,Brooke Morrison,BUSAN507
9220,Kelly Wolfe,BUSAN507
5921,Brooke Morrison,BUSAN507
7746,Kelly Wolfe,BUSAN507
2136,Brooke Morrison,BUSAN507
1993,Kelly Wolfe,BUSAN507
4876,Brooke Morrison,BUSAN507
9439,Kelly Wolfe,BUSAN507
5517,Brooke Morrison,BUSAN507
8052,Kelly Wolfe,BUSAN507
5768,Brooke Morrison,BUSAN507
8947,Kelly Wolfe,BUSAN507
2697,Brooke Morrison,BUSAN507
8945,Jennifer Dyer,CHINE351
9898,Jennifer Dyer,CHINE351
4084,Jennifer Dyer,CHINE351
8671,Jennifer Dyer,CHINE351
4405,Jennifer Dyer,CHINE351
3718,Jennifer Dyer,CHINE351
7050,Jennifer Dyer,CHINE351
8631,Cynthia Gray,ADLNG402
9627,John White,ADLNG402
4685,Cynthia Gray,ADLNG402
2542,John White,ADLNG402
9394,Cynthia Gray,ADLNG402
3012,John White,ADLNG402
7002,Cynthia Gray,ADLNG402
7361,John White,ADLNG402
1764,Cynthia Gray,ADLNG402
5743,John White,ADLNG402
7920,Cynthia Gray,ADLNG402
9377,John White,ADLNG402
7524,Cynthia Gray,ADLNG402
5638,John White,ADLNG402
3154,Cynthia Gray,ADLNG402
4190,John White,ADLNG402
6023,Cynthia Gray,ADLNG402
9512,John White,ADLNG402
4657,Maureen Thompson,HPSCI958
6101,Maureen Thompson,HPSCI958
4814,Maureen Thompson,HPSCI958
9816,Maureen Thompson,HPSCI958
9144,Maureen Thompson,HPSCI958
5868,Maureen Thompson,HPSCI958
9027,Maureen Thompson,HPSCI958
6589,Maureen Thompson,HPSCI958
2693,Maureen Thompson,HPSCI958
8682,Richard Duncan,POLCY206
1203,Richard Hawkins,POLCY206
6198,Megan Rivera,POLCY206
8437,Richard Duncan,POLCY206
7842,Richard Hawkins,POLCY206
4002,Megan Rivera,POLCY206
5491,Richard Duncan,POLCY206
2263,Richard Hawkins,POLCY206
5286,Megan Rivera,POLCY206
6962,Richard Duncan,POLCY206
9337,Richard Hawkins,POLCY206
1307,Megan Rivera,POLCY206
8058,Richard Duncan,POLCY206
9853,Richard Hawkins,POLCY206
4956,Megan Rivera,POLCY206
6151,Thomas Adams,ADLNG247
6236,Monica Holmes,ADLNG247
6420,Lee Lynch,ADLNG247
1548,Thomas Adams,ADLNG247
8071,Monica Holmes,ADLNG247
2594,Lee Lynch,ADLNG247
1040,Thomas Adams,ADLNG247
2190,Monica Holmes,ADLNG247
7489,Lee Lynch,ADLNG247
6035,Thomas Adams,ADLNG247
9330,Monica Holmes,ADLNG247
6762,Lee Lynch,ADLNG247
7328,Thomas Adams,ADLNG247
9401,Monica Holmes,ADLNG247
2757,Lee Lynch,ADLNG247
5373,Thomas Adams,ADLNG247
8235,Monica Holmes,ADLNG247
8130,Lee Lynch,ADLNG247
1962,Thomas Adams,ADLNG247
1167,Monica Holmes,ADLNG247
4307,Lee Lynch,ADLNG247
9204,Thomas Adams,ADLNG247
8173,Monica Holmes,ADLNG247
4342,Lee Lynch,ADLNG247
8084,Thomas Adams,ADLNG247
2800,Monica Holmes,ADLNG247
2553,Lee Lynch,ADLNG247
3837,Shawn Huber,CMYHE492
1879,Shawn Huber,CMYHE492
5361,Shawn Huber,CMYHE492
3785,Shawn Huber,CMYHE492
9412,Shawn Huber,CMYHE492
6251,Shawn Huber,CMYHE492
7962,Shawn Huber,CMYHE492
6370,Shawn Huber,CMYHE492
1024,Shawn Huber,CMYHE492
4379,Meghan Adams,PRMGT947
3810,Zachary Guerrero,PRMGT947
3413,Lisa Turner,PRMGT947
7171,Meghan Adams,PRMGT947
5926,Zachary Guerrero,PRMGT947
9984,Lisa Turner,PRMGT947
4017,Meghan Adams,PRMGT947
4662,Zachary Guerrero,PRMGT947
8378,Lisa Turner,PRMGT947
7225,Meghan Adams,PRMGT947
7879,Zachary Guerrero,PRMGT947
2874,Lisa Turner,PRMGT947
3015,Benjamin Thomas,COMPX419
9737,Brenda Riley,COMPX419
7950,Beverly Cook,COMPX419
8753,Benjamin Thomas,COMPX419
3604,Brenda Riley,COMPX419
9415,Beverly Cook,COMPX419
6497,Benjamin Thomas,COMPX419
3835,Brenda Riley,COMPX419
3402,Beverly Cook,COMPX419
4092,Benjamin Thomas,COMPX419
1922,Brenda Riley,COMPX419
4421,Beverly Cook,COMPX419
7315,Benjamin Thomas,COMPX419
8087,Brenda Riley,COMPX419
1634,Beverly Cook,COMPX419
3738,Natasha Peters,EDSOC773
1832,Willie Reid,EDSOC773
5637,Natasha Peters,EDSOC773
4385,Willie Reid,EDSOC773
3161,Natasha Peters,EDSOC773
8935,Willie Reid,EDSOC773
6195,Natasha Peters,EDSOC773
5116,Willie Reid,EDSOC773
9212,Natasha Peters,EDSOC773
7949,Willie Reid,EDSOC773
3042,Natasha Peters,EDSOC773
3560,Willie Reid,EDSOC773
7383,Cindy Burns,HUMRI871
2100,Shaun Griffin,HUMRI871
7542,Cindy Burns,HUMRI871
7790,Shaun Griffin,HUMRI871
9603,Cindy Burns,HUMRI871
5874,Shaun Griffin,HUMRI871
2327,Cindy Burns,HUMRI871
5354,Shaun Griffin,HUMRI871
8827,Sara Haynes,SCMGT247
5091,Antonio Floyd,SCMGT247
2278,Sara Haynes,SCMGT247
5754,Antonio Floyd,SCMGT247
9533,Sara Haynes,SCMGT247
9539,Antonio Floyd,SCMGT247
9591,Sara Haynes,SCMGT247
6593,Antonio Floyd,SCMGT247
7494,Sara Haynes,SCMGT247
9669,Antonio Floyd,SCMGT247
6656,Sara Haynes,SCMGT247
9133,Antonio Floyd,SCMGT247
3807,Sara Haynes,SCMGT247
4738,Antonio Floyd,SCMGT247
3791,Sara Haynes,SCMGT247
1674,Antonio Floyd,SCMGT247
5613,Sara Haynes,SCMGT247
5614,Antonio Floyd,SCMGT247
7969,Rebecca Tyler,ARTSW430
2966,Rebecca Tyler,ARTSW430
2999,Rebecca Tyler,ARTSW430
6470,Rebecca Tyler,ARTSW430
2326,Rebecca Tyler,ARTSW430
2654,Paul Hardin,COUNS451
9799,Travis Scott,COUNS451
3231,Paul Hardin,COUNS451
4743,Travis Scott,COUNS451
8909,Paul Hardin,COUNS451
7434,Travis Scott,COUNS451
7169,Paul Hardin,COUNS451
2843,Travis Scott,COUNS451
1361,Paul Hardin,COUNS451
4646,Travis Scott,COUNS451
1286,Paul Hardin,COUNS451
3683,Travis Scott,COUNS451
1138,Peter Potter,EXCOR811
6747,Brenda Pruitt,EXCOR811
1982,Donna Fletcher,EXCOR811
6483,Peter Potter,EXCOR811
2998,Brenda Pruitt,EXCOR811
7301,Donna Fletcher,EXCOR811
2295,Peter Potter,EXCOR811
3218,Brenda Pruitt,EXCOR811
1649,Donna Fletcher,EXCOR811
9633,Peter Potter,EXCOR811
8850,Brenda Pruitt,EXCOR811
9118,Donna Fletcher,EXCOR811
6336,Peter Potter,EXCOR811
5729,Brenda Pruitt,EXCOR811
8729,Donna Fletcher,EXCOR811
1878,Peter Potter,EXCOR811
2566,Brenda Pruitt,EXCOR811
9672,Donna Fletcher,EXCOR811
9621,Ellen Bailey,PHYSC351
2101,Katherine Davis,PHYSC351
5750,Ellen Bailey,PHYSC351
5382,Katherine Davis,PHYSC351
2059,Ellen Bailey,PHYSC351
4667,Katherine Davis,PHYSC351
5180,Ellen Bailey,PHYSC351
3784,Katherine Davis,PHYSC351
6445,Ellen Bailey,PHYSC351
7804,Katherine Davis,PHYSC351
7961,Ellen Bailey,PHYSC351
5739,Katherine Davis,PHYSC351
4252,Jasmin Johnson,PSYCH419
8063,Timothy Ramirez,PSYCH419
2731,Karen Jones,PSYCH419
7313,Jasmin Johnson,PSYCH419
2225,Timothy Ramirez,PSYCH419
8155,Karen Jones,PSYCH419
9673,Jasmin Johnson,PSYCH419
8703,Timothy Ramirez,PSYCH419
8342,Karen Jones,PSYCH419
7025,Jasmin Johnson,PSYCH419
4790,Timothy Ramirez,PSYCH419
2645,Karen Jones,PSYCH419
4026,Jasmin Johnson,PSYCH419
6699,Timothy Ramirez,PSYCH419
9793,Karen Jones,PSYCH419
8636,Jasmin Johnson,PSYCH419
2192,Timothy Ramirez,PSYCH419
4573,Karen Jones,PSYCH419
1018,Jasmin Johnson,PSYCH419
6865,Timothy Ramirez,PSYCH419
8789,Karen Jones,PSYCH419
9367,Jasmin Johnson,PSYCH419
1485,Timothy Ramirez,PSYCH419
1906,Karen Jones,PSYCH419
8570,Jasmin Johnson,PSYCH419
6149,Timothy Ramirez,PSYCH419
9445,Karen Jones,PSYCH419
9981,Jasmin Johnson,PSYCH419
8923,Timothy Ramirez,PSYCH419
6818,Karen Jones,PSYCH419
2421,Julie Ho,HMDEV871
7888,Lori Dominguez,HMDEV871
1100,Julie Ho,HMDEV871
1192,Lori Dominguez,HMDEV871
4820,Julie Ho,HMDEV871
9012,Lori Dominguez,HMDEV871
3567,Julie Ho,HMDEV871
4828,Lori Dominguez,HMDEV871
7098,Julie Ho,HMDEV871
5949,Lori Dominguez,HMDEV871
5767,Julie Ho,HMDEV871
3955,Lori Dominguez,HMDEV871
5072,Julie Ho,HMDEV871
6340,Lori Dominguez,HMDEV871
4380,Julie Ho,HMDEV871
5634,Lori Dominguez,HMDEV871
2707,Julie Ho,HMDEV871
9928,Lori Dominguez,HMDEV871
3803,Derrick Lane DDS,MTHED845
2940,Amanda Williams,MTHED845
3600,Derrick Lane DDS,MTHED845
6743,Amanda Williams,MTHED845
5210,Derrick Lane DDS,MTHED845
7403,Amanda Williams,MTHED845
2941,Derrick Lane DDS,MTHED845
1158,Amanda Williams,MTHED845
1054,Evelyn Hicks,THEDR423
7299,Evelyn Hicks,THEDR423
9443,Evelyn Hicks,THEDR423
5303,Evelyn Hicks,THEDR423
5162,Evelyn Hicks,THEDR423
2015,Michelle Powell,HPSCI235
1942,Michelle Powell,HPSCI235
9356,Michelle Powell,HPSCI235
7687,Michelle Powell,HPSCI235
8370,Michelle Powell,HPSCI235
1713,Michelle Powell,HPSCI235
8628,Michelle Powell,HPSCI235
3523,Michelle Powell,HPSCI235
5270,Michelle Powell,HPSCI235
3975,Michelle Powell,HPSCI235
8708,Mr. Daniel Kennedy MD,KOREA430
4951,Maria Delgado,KOREA430
4397,Emily Clay,KOREA430
9881,Mr. Daniel Kennedy MD,KOREA430
4501,Maria Delgado,KOREA430
7176,Emily Clay,KOREA430
8659,Mr. Daniel Kennedy MD,KOREA430
8912,Maria Delgado,KOREA430
4834,Emily Clay,KOREA430
3185,Mr. Daniel Kennedy MD,KOREA430
5744,Maria Delgado,KOREA430
3777,Emily Clay,KOREA430
6113,Mr. Daniel Kennedy MD,KOREA430
9063,Maria Delgado,KOREA430
1890,Emily Clay,KOREA430
6544,Mr. Daniel Kennedy MD,KOREA430
9389,Maria Delgado,KOREA430
7288,Emily Clay,KOREA430
9989,Mr. Daniel Kennedy MD,KOREA430
8064,Maria Delgado,KOREA430
4114,Emily Clay,KOREA430
8114,Mr. Daniel Kennedy MD,KOREA430
9872,Maria Delgado,KOREA430
6321,Emily Clay,KOREA430
6883,Anthony Reyes,HDEVP451
2861,Caroline Dillon,HDEVP451
3542,Anthony Reyes,HDEVP451
2313,Caroline Dillon,HDEVP451
5924,Anthony Reyes,HDEVP451
5618,Caroline Dillon,HDEVP451
1594,Anthony Reyes,HDEVP451
9605,Caroline Dillon,HDEVP451
5192,Anthony Reyes,HDEVP451
6918,Caroline Dillon,HDEVP451
4241,Anthony Reyes,HDEVP451
7901,Caroline Dillon,HDEVP451
7942,Anthony Reyes,HDEVP451
1734,Caroline Dillon,HDEVP451
5814,Anthony Reyes,HDEVP451
5328,Caroline Dillon,HDEVP451
1580,Travis Jones,INTLC531
8151,Bryan Thornton,INTLC531
5033,Douglas Zamora,INTLC531
9325,Travis Jones,INTLC531
3069,Bryan Thornton,INTLC531
6741,Douglas Zamora,INTLC531
1876,Travis Jones,INTLC531
5425,Bryan Thornton,INTLC531
8043,Douglas Zamora,INTLC531
2387,Travis Jones,INTLC531
7051,Bryan Thornton,INTLC531
6373,Douglas Zamora,INTLC531
4927,Travis Jones,INTLC531
6407,Bryan Thornton,INTLC531
6241,Douglas Zamora,INTLC531
1641,Travis Jones,INTLC531
6559,Bryan Thornton,INTLC531
8816,Douglas Zamora,INTLC531
7318,Travis Jones,INTLC531
1221,Bryan Thornton,INTLC531
5685,Douglas Zamora,INTLC531
8919,Travis Jones,INTLC531
7905,Bryan Thornton,INTLC531
1000,Douglas Zamora,INTLC531
8727,Travis Jones,INTLC531
6007,Bryan Thornton,INTLC531
9806,Douglas Zamora,INTLC531
5240,Travis Jones,INTLC531
9696,Bryan Thornton,INTLC531
4260,Douglas Zamora,INTLC531
6736,Michael Salazar,MGSYS507
4734,Brenda Nicholson,MGSYS507
5202,Michael Salazar,MGSYS507
3132,Brenda Nicholson,MGSYS507
8705,Michael Salazar,MGSYS507
7331,Brenda Nicholson,MGSYS507
2148,Michael Salazar,MGSYS507
8829,Brenda Nicholson,MGSYS507
6360,Michael Salazar,MGSYS507
8051,Brenda Nicholson,MGSYS507
1095,Cody Mcclain,ENTIN811
1437,Cody Mcclain,ENTIN811
9465,Cody Mcclain,ENTIN811
6267,Cody Mcclain,ENTIN811
9467,Cody Mcclain,ENTIN811
4601,Cody Mcclain,ENTIN811
5682,Douglas Stewart,PRMGT726
6306,Timothy Clark,PRMGT726
2213,Sabrina Lam,PRMGT726
1616,Douglas Stewart,PRMGT726
2544,Timothy Clark,PRMGT726
5288,Sabrina Lam,PRMGT726
5324,Douglas Stewart,PRMGT726
2910,Timothy Clark,PRMGT726
9045,Sabrina Lam,PRMGT726
1074,Douglas Stewart,PRMGT726
3370,Timothy Clark,PRMGT726
5670,Sabrina Lam,PRMGT726
9300,Kelly Young,STATS400
5812,Angela Jackson,STATS400
7140,Natalie Warren,STATS400
6613,Kelly Young,STATS400
2937,Angela Jackson,STATS400
8652,Natalie Warren,STATS400
1689,Kelly Young,STATS400
6020,Angela Jackson,STATS400
6348,Natalie Warren,STATS400
9550,Kelly Young,STATS400
9205,Angela Jackson,STATS400
1321,Natalie Warren,STATS400
1508,Kelly Young,STATS400
2207,Angela Jackson,STATS400
8687,Natalie Warren,STATS400
4900,Kelly Young,STATS400
1892,Angela Jackson,STATS400
2734,Natalie Warren,STATS400
9187,Sue Leblanc,LCOMM726
5222,Sue Leblanc,LCOMM726
8057,Sue Leblanc,LCOMM726
2444,Sue Leblanc,LCOMM726
4505,Sue Leblanc,LCOMM726
5011,Sue Leblanc,LCOMM726
5234,Sue Leblanc,LCOMM726
3159,Sue Leblanc,LCOMM726
8482,Shawn Jones,MAORI958
4210,Shawn Jones,MAORI958
5085,Shawn Jones,MAORI958
6248,Shawn Jones,MAORI958
8157,Shawn Jones,MAORI958
8475,Shawn Jones,MAORI958
5796,Shawn Jones,MAORI958
3933,Patricia Keith,LINGS507
9463,Joshua Dodson,LINGS507
5910,Patricia Keith,LINGS507
6855,Joshua Dodson,LINGS507
3205,Patricia Keith,LINGS507
1686,Joshua Dodson,LINGS507
9916,Patricia Keith,LINGS507
9102,Joshua Dodson,LINGS507
3354,Patricia Keith,LINGS507
4318,Joshua Dodson,LINGS507
8359,Patricia Keith,LINGS507
8209,Joshua Dodson,LINGS507
2537,Patricia Keith,LINGS507
9222,Joshua Dodson,LINGS507
3849,Patricia Keith,LINGS507
2863,Joshua Dodson,LINGS507
2886,Margaret Brown,COMPX590
6339,Nathan Herring,COMPX590
1943,Kenneth Benitez,COMPX590
3580,Margaret Brown,COMPX590
6217,Nathan Herring,COMPX590
2273,Kenneth Benitez,COMPX590
5996,Margaret Brown,COMPX590
1973,Nathan Herring,COMPX590
4482,Kenneth Benitez,COMPX590
7598,Margaret Brown,COMPX590
4515,Nathan Herring,COMPX590
2718,Kenneth Benitez,COMPX590
9124,Margaret Brown,COMPX590
3691,Nathan Herring,COMPX590
1627,Kenneth Benitez,COMPX590
4672,Margaret Brown,COMPX590
9365,Nathan Herring,COMPX590
3863,Kenneth Benitez,COMPX590
4174,Margaret Brown,COMPX590
9311,Nathan Herring,COMPX590
8866,Kenneth Benitez,COMPX590
7786,Margaret Brown,COMPX590
2547,Nathan Herring,COMPX590
3419,Kenneth Benitez,COMPX590
5183,Margaret Brown,COMPX590
6573,Nathan Herring,COMPX590
2032,Kenneth Benitez,COMPX590
8639,Abigail Buckley,HISTY773
1560,Christopher Chavez,HISTY773
4060,Abigail Buckley,HISTY773
5639,Christopher Chavez,HISTY773
1109,Abigail Buckley,HISTY773
9958,Christopher Chavez,HISTY773
5432,Abigail Buckley,HISTY773
5298,Christopher Chavez,HISTY773
6794,Abigail Buckley,HISTY773
4944,Christopher Chavez,HISTY773
2589,Eric Harris,FINAN402
2489,Nicholas Price,FINAN402
6001,Corey Patterson,FINAN402
5665,Eric Harris,FINAN402
8161,Nicholas Price,FINAN402
6885,Corey Patterson,FINAN402
9283,Eric Harris,FINAN402
6240,Nicholas Price,FINAN402
6604,Corey Patterson,FINAN402
3353,Eric Harris,FINAN402
1005,Nicholas Price,FINAN402
8608,Corey Patterson,FINAN402
2899,Eric Harris,FINAN402
2568,Nicholas Price,FINAN402
8054,Corey Patterson,FINAN402
6939,Eric Harris,FINAN402
7618,Nicholas Price,FINAN402
8563,Corey Patterson,FINAN402
8027,Eric Harris,FINAN402
9919,Nicholas Price,FINAN402
1338,Corey Patterson,FINAN402
7388,Eric Harris,FINAN402
3030,Nicholas Price,FINAN402
7148,Corey Patterson,FINAN402
9117,Eric Harris,FINAN402
2005,Nicholas Price,FINAN402
3398,Corey Patterson,FINAN402
9622,Eric Harris,FINAN402
4275,Nicholas Price,FINAN402
5675,Corey Patterson,FINAN402
2860,Brittany Simmons,EVSOC730
4227,Melissa Wilson,EVSOC730
7592,Brittany Simmons,EVSOC730
3577,Melissa Wilson,EVSOC730
4637,Brittany Simmons,EVSOC730
9629,Melissa Wilson,EVSOC730
2070,Brittany Simmons,EVSOC730
7394,Melissa Wilson,EVSOC730
4353,Brittany Simmons,EVSOC730
1479,Melissa Wilson,EVSOC730
3083,Brittany Simmons,EVSOC730
2791,Melissa Wilson,EVSOC730
5475,Brittany Simmons,EVSOC730
9097,Melissa Wilson,EVSOC730
2715,Brittany Simmons,EVSOC730
3728,Melissa Wilson,EVSOC730
5506,Brittany Simmons,EVSOC730
1488,Melissa Wilson,EVSOC730
7580,Peter Lowe,ENGMP947
5438,Peter Lowe,ENGMP947
6687,Peter Lowe,ENGMP947
8609,Peter Lowe,ENGMP947
3263,Peter Lowe,ENGMP947
2914,Peter Lowe,ENGMP947
4656,Vincent Duncan,SDCOA387
4149,Vincent Duncan,SDCOA387
3249,Vincent Duncan,SDCOA387
4655,Vincent Duncan,SDCOA387
4783,Vincent Duncan,SDCOA387
8618,Vincent Duncan,SDCOA387
4461,Vincent Duncan,SDCOA387
2750,Vincent Duncan,SDCOA387
4841,Jennifer Luna,SPNSH811
1842,William Phillips,SPNSH811
1673,Jennifer Luna,SPNSH811
1291,William Phillips,SPNSH811
4410,Jennifer Luna,SPNSH811
4016,William Phillips,SPNSH811
7763,Jennifer Luna,SPNSH811
5302,William Phillips,SPNSH811
3480,Jennifer Luna,SPNSH811
4288,William Phillips,SPNSH811
4801,Jennifer Luna,SPNSH811
9865,William Phillips,SPNSH811
7082,Jennifer Luna,SPNSH811
1120,William Phillips,SPNSH811
6597,Tiffany Sullivan,ARTSC726
8299,James Harrison,ARTSC726
1096,Tiffany Sullivan,ARTSC726
1701,James Harrison,ARTSC726
1471,Tiffany Sullivan,ARTSC726
6959,James Harrison,ARTSC726
5364,Tiffany Sullivan,ARTSC726
9513,James Harrison,ARTSC726
1614,Tiffany Sullivan,ARTSC726
5426,James Harrison,ARTSC726
8577,Tiffany Sullivan,ARTSC726
1668,James Harrison,ARTSC726
6839,Joseph Stokes,CRSCI430
9085,Caleb Moreno,CRSCI430
7787,Joseph Stokes,CRSCI430
6369,Caleb Moreno,CRSCI430
5623,Joseph Stokes,CRSCI430
8227,Caleb Moreno,CRSCI430
6132,Joseph Stokes,CRSCI430
9939,Caleb Moreno,CRSCI430
6056,Joseph Stokes,CRSCI430
1584,Caleb Moreno,CRSCI430
9475,Ryan Reid,MUSIC618
8085,Ryan Reid,MUSIC618
2723,Ryan Reid,MUSIC618
6223,Ryan Reid,MUSIC618
1628,Ryan Reid,MUSIC618
8508,Ryan Reid,MUSIC618
7424,Ryan Reid,MUSIC618
5444,Ryan Reid,MUSIC618
7989,Michael Ramos,PRMGT402
9014,James Hess,PRMGT402
5635,Michael Ramos,PRMGT402
8564,James Hess,PRMGT402
3283,Michael Ramos,PRMGT402
1260,James Hess,PRMGT402
8412,Michael Ramos,PRMGT402
7427,James Hess,PRMGT402
7159,Michael Ramos,PRMGT402
7797,James Hess,PRMGT402
3532,Michael Ramos,PRMGT402
6033,James Hess,PRMGT402
9039,Michael Ramos,PRMGT402
4530,James Hess,PRMGT402
5349,Michael Ramos,PRMGT402
4314,James Hess,PRMGT402
7128,Michael Ramos,PRMGT402
7359,James Hess,PRMGT402
1209,Michael Ramos,PRMGT402
8740,James Hess,PRMGT402
6393,Jay Harris,ENVSC423
4392,Heather Fowler,ENVSC423
5518,Jay Harris,ENVSC423
7095,Heather Fowler,ENVSC423
9121,Jay Harris,ENVSC423
5583,Heather Fowler,ENVSC423
5811,Jay Harris,ENVSC423
6282,Heather Fowler,ENVSC423
2839,Jay Harris,ENVSC423
6548,Heather Fowler,ENVSC423
9426,Jay Harris,ENVSC423
5578,Heather Fowler,ENVSC423
8029,Jay Harris,ENVSC423
1991,Heather Fowler,ENVSC423
9013,Jay Harris,ENVSC423
8848,Heather Fowler,ENVSC423
6345,Jay Harris,ENVSC423
9299,Heather Fowler,ENVSC423
4675,James Johnson,ENGEE531
8610,Christopher Cisneros,ENGEE531
6827,James Johnson,ENGEE531
5174,Christopher Cisneros,ENGEE531
1112,James Johnson,ENGEE531
3049,Christopher Cisneros,ENGEE531
8731,James Johnson,ENGEE531
4895,Christopher Cisneros,ENGEE531
5287,James Johnson,ENGEE531
3894,Christopher Cisneros,ENGEE531
7921,Taylor Gould,HLTSC947
6795,Chelsey Paul,HLTSC947
9152,Kenneth Ortega,HLTSC947
2012,Taylor Gould,HLTSC947
8506,Chelsey Paul,HLTSC947
4914,Kenneth Ortega,HLTSC947
1811,Taylor Gould,HLTSC947
5082,Chelsey Paul,HLTSC947
2027,Kenneth Ortega,HLTSC947
6718,Taylor Gould,HLTSC947
7407,Chelsey Paul,HLTSC947
7615,Kenneth Ortega,HLTSC947
6295,Taylor Gould,HLTSC947
1389,Chelsey Paul,HLTSC947
7158,Kenneth Ortega,HLTSC947
1745,Taylor Gould,HLTSC947
3219,Chelsey Paul,HLTSC947
6405,Kenneth Ortega,HLTSC947
9207,Taylor Gould,HLTSC947
1262,Chelsey Paul,HLTSC947
1586,Kenneth Ortega,HLTSC947
5679,Taylor Gould,HLTSC947
9944,Chelsey Paul,HLTSC947
6998,Kenneth Ortega,HLTSC947
4945,Timothy Levy,CRIMN946
1843,Melissa Ramirez,CRIMN946
5094,Samantha Bridges,CRIMN946
1014,Timothy Levy,CRIMN946
1969,Melissa Ramirez,CRIMN946
8469,Samantha Bridges,CRIMN946
2628,Timothy Levy,CRIMN946
2398,Melissa Ramirez,CRIMN946
6645,Samantha Bridges,CRIMN946
9261,Timothy Levy,CRIMN946
5213,Melissa Ramirez,CRIMN946
1514,Samantha Bridges,CRIMN946
8517,Timothy Levy,CRIMN946
8988,Melissa Ramirez,CRIMN946
5295,Samantha Bridges,CRIMN946
6931,Timothy Levy,CRIMN946
7107,Melissa Ramirez,CRIMN946
5912,Samantha Bridges,CRIMN946
9931,Timothy Levy,CRIMN946
6349,Melissa Ramirez,CRIMN946
4939,Samantha Bridges,CRIMN946
6047,Timothy Levy,CRIMN946
3582,Melissa Ramirez,CRIMN946
4846,Samantha Bridges,CRIMN946
4619,Timothy Levy,CRIMN946
7064,Melissa Ramirez,CRIMN946
1169,Samantha Bridges,CRIMN946
1300,Timothy Levy,CRIMN946
6385,Melissa Ramirez,CRIMN946
9391,Samantha Bridges,CRIMN946
2686,John King,GEOGY618
1918,Traci Davies,GEOGY618
8046,Dr. Angela Ellison,GEOGY618
7349,John King,GEOGY618
7732,Traci Davies,GEOGY618
6860,Dr. Angela Ellison,GEOGY618
5080,John King,GEOGY618
6051,Traci Davies,GEOGY618
7083,Dr. Angela Ellison,GEOGY618
3358,John King,GEOGY618
4010,Traci Davies,GEOGY618
8285,Dr. Angela Ellison,GEOGY618
4871,John King,GEOGY618
8984,Traci Davies,GEOGY618
6237,Dr. Angela Ellison,GEOGY618
5860,John King,GEOGY618
9018,Traci Davies,GEOGY618
1829,Dr. Angela Ellison,GEOGY618
9237,John King,GEOGY618
2310,Traci Davies,GEOGY618
4462,Dr. Angela Ellison,GEOGY618
8832,Andrew Ewing,SDCOA400
7020,Christopher Black,SDCOA400
5157,Andrew Ewing,SDCOA400
7439,Christopher Black,SDCOA400
8144,Andrew Ewing,SDCOA400
9000,Christopher Black,SDCOA400
7691,Andrew Ewing,SDCOA400
2124,Christopher Black,SDCOA400
1623,Andrew Ewing,SDCOA400
7869,Christopher Black,SDCOA400
8082,Andrew Ewing,SDCOA400
2403,Christopher Black,SDCOA400
8240,Andrew Ewing,SDCOA400
1816,Christopher Black,SDCOA400
9308,Julie Powell,INMGT206
4413,Robert Munoz,INMGT206
4851,Julie Powell,INMGT206
8430,Robert Munoz,INMGT206
6440,Julie Powell,INMGT206
2859,Robert Munoz,INMGT206
2456,Julie Powell,INMGT206
7146,Robert Munoz,INMGT206
3490,Julie Powell,INMGT206
5530,Robert Munoz,INMGT206
1380,Julie Powell,INMGT206
9350,Robert Munoz,INMGT206
9676,Julie Powell,INMGT206
1858,Robert Munoz,INMGT206
8973,Julie Powell,INMGT206
5602,Robert Munoz,INMGT206
2709,Julie Powell,INMGT206
4261,Robert Munoz,INMGT206
1840,Jeffrey Ruiz,ARTSW946
5587,Alvin Holmes,ARTSW946
8219,Jeffrey Ruiz,ARTSW946
7038,Alvin Holmes,ARTSW946
9951,Jeffrey Ruiz,ARTSW946
8347,Alvin Holmes,ARTSW946
9386,Jeffrey Ruiz,ARTSW946
7851,Alvin Holmes,ARTSW946
6188,Jeffrey Ruiz,ARTSW946
9333,Alvin Holmes,ARTSW946
1611,Jeffrey Ruiz,ARTSW946
8309,Alvin Holmes,ARTSW946
1002,Margaret Roy,TEEDU235
6356,Margaret Roy,TEEDU235
4568,Margaret Roy,TEEDU235
3463,Margaret Roy,TEEDU235
1494,Margaret Roy,TEEDU235
5932,Margaret Roy,TEEDU235
7885,Craig Morris,IRSST871
9486,Craig Morris,IRSST871
5569,Craig Morris,IRSST871
6530,Craig Morris,IRSST871
2637,Craig Morris,IRSST871
1267,Craig Morris,IRSST871
3384,Craig Morris,IRSST871
5829,Craig Morris,IRSST871
1175,Craig Morris,IRSST871
9307,Craig Morris,IRSST871
6877,John Smith,ANTHY773
7781,John Smith,ANTHY773
6502,John Smith,ANTHY773
7337,John Smith,ANTHY773
7055,John Smith,ANTHY773
4213,Barbara Hall,ENGMP591
5393,Sarah Campbell,ENGMP591
6733,Christy Meadows,ENGMP591
9947,Barbara Hall,ENGMP591
1409,Sarah Campbell,ENGMP591
5424,Christy Meadows,ENGMP591
8017,Barbara Hall,ENGMP591
3697,Sarah Campbell,ENGMP591
9897,Christy Meadows,ENGMP591
2607,Barbara Hall,ENGMP591
9024,Sarah Campbell,ENGMP591
2921,Christy Meadows,ENGMP591
9281,Barbara Hall,ENGMP591
4690,Sarah Campbell,ENGMP591
4794,Christy Meadows,ENGMP591
6194,Barbara Hall,ENGMP591
6542,Sarah Campbell,ENGMP591
3857,Christy Meadows,ENGMP591
7122,Barbara Hall,ENGMP591
5306,Sarah Campbell,ENGMP591
7271,Christy Meadows,ENGMP591
2856,Anthony Rivera,LEADR206
6974,Adrian Gregory,LEADR206
7180,Laura Browning,LEADR206
8587,Anthony Rivera,LEADR206
4643,Adrian Gregory,LEADR206
7279,Laura Browning,LEADR206
6601,Anthony Rivera,LEADR206
5792,Adrian Gregory,LEADR206
4977,Laura Browning,LEADR206
1569,Anthony Rivera,LEADR206
6063,Adrian Gregory,LEADR206
1864,Laura Browning,LEADR206
6469,Anthony Rivera,LEADR206
5352,Adrian Gregory,LEADR206
9524,Laura Browning,LEADR206
5718,Anthony Rivera,LEADR206
9167,Adrian Gregory,LEADR206
5079,Laura Browning,LEADR206
4083,Anthony Rivera,LEADR206
3376,Adrian Gregory,LEADR206
3772,Laura Browning,LEADR206
8032,Anthony Rivera,LEADR206
3705,Adrian Gregory,LEADR206
1512,Laura Browning,LEADR206
8934,Anthony Rivera,LEADR206
6706,Adrian Gregory,LEADR206
2256,Laura Browning,LEADR206
1794,John Good,PRMGT531
8518,Sara Gardner,PRMGT531
3919,Samuel Robinson,PRMGT531
4444,John Good,PRMGT531
6024,Sara Gardner,PRMGT531
5886,Samuel Robinson,PRMGT531
2165,John Good,PRMGT531
3825,Sara Gardner,PRMGT531
5834,Samuel Robinson,PRMGT531
7537,John Good,PRMGT531
3536,Sara Gardner,PRMGT531
4052,Samuel Robinson,PRMGT531
2114,Nicole Dickerson,WRITE903
4676,Jennifer Luna,WRITE903
2826,Nicole Dickerson,WRITE903
5577,Jennifer Luna,WRITE903
8924,Nicole Dickerson,WRITE903
3118,Jennifer Luna,WRITE903
8980,Nicole Dickerson,WRITE903
9880,Jennifer Luna,WRITE903
7056,Nicole Dickerson,WRITE903
5345,Jennifer Luna,WRITE903
4525,Nicole Dickerson,WRITE903
2509,Jennifer Luna,WRITE903
1904,Nicole Dickerson,WRITE903
2911,Jennifer Luna,WRITE903
3913,Nicole Dickerson,WRITE903
7246,Jennifer Luna,WRITE903
8595,Joseph Morrison,BUSAN402
4873,Erin Richards,BUSAN402
7184,Joseph Morrison,BUSAN402
8963,Erin Richards,BUSAN402
4128,Joseph Morrison,BUSAN402
1770,Erin Richards,BUSAN402
5365,Joseph Morrison,BUSAN402
3374,Erin Richards,BUSAN402
5304,Joseph Morrison,BUSAN402
5217,Erin Richards,BUSAN402
9695,Joseph Morrison,BUSAN402
7244,Erin Richards,BUSAN402
4544,Joseph Morrison,BUSAN402
5752,Erin Richards,BUSAN402
9274,Joseph Morrison,BUSAN402
7218,Erin Richards,BUSAN402
5647,Nancy Owens,ANTHY492
5437,Mark Reyes,ANTHY492
2467,Mrs. Brittney Copeland,ANTHY492
3129,Nancy Owens,ANTHY492
6367,Mark Reyes,ANTHY492
3599,Mrs. Brittney Copeland,ANTHY492
4999,Nancy Owens,ANTHY492
1498,Mark Reyes,ANTHY492
3273,Mrs. Brittney Copeland,ANTHY492
7517,Nancy Owens,ANTHY492
1326,Mark Reyes,ANTHY492
1573,Mrs. Brittney Copeland,ANTHY492
5852,Nancy Owens,ANTHY492
5524,Mark Reyes,ANTHY492
6588,Mrs. Brittney Copeland,ANTHY492
6304,Nancy Owens,ANTHY492
7183,Mark Reyes,ANTHY492
1817,Mrs. Brittney Copeland,ANTHY492
3352,Nancy Owens,ANTHY492
4231,Mark Reyes,ANTHY492
5778,Mrs. Brittney Copeland,ANTHY492
8905,Nancy Owens,ANTHY492
7758,Mark Reyes,ANTHY492
1320,Mrs. Brittney Copeland,ANTHY492
8932,Nancy Owens,ANTHY492
3620,Mark Reyes,ANTHY492
7006,Mrs. Brittney Copeland,ANTHY492
7837,Dr. Alyssa Summers MD,THMGT492
9829,Tyler Lee,THMGT492
6518,Samuel Maynard,THMGT492
7554,Dr. Alyssa Summers MD,THMGT492
2482,Tyler Lee,THMGT492
5514,Samuel Maynard,THMGT492
5925,Dr. Alyssa Summers MD,THMGT492
7256,Tyler Lee,THMGT492
5633,Samuel Maynard,THMGT492
7917,Dr. Alyssa Summers MD,THMGT492
8622,Tyler Lee,THMGT492
5722,Samuel Maynard,THMGT492
3568,Dr. Alyssa Summers MD,THMGT492
3872,Tyler Lee,THMGT492
8726,Samuel Maynard,THMGT492
2271,Kyle Miles,HLTSC423
2226,Kyle Miles,HLTSC423
2740,Kyle Miles,HLTSC423
8762,Kyle Miles,HLTSC423
3368,Kyle Miles,HLTSC423
8394,Kyle Miles,HLTSC423
2358,Kyle Miles,HLTSC423
2539,Kyle Miles,HLTSC423
2712,Chelsea Browning,PRMGT591
9910,Sarah Andrews,PRMGT591
5312,Curtis Martinez,PRMGT591
5294,Chelsea Browning,PRMGT591
4185,Sarah Andrews,PRMGT591
7126,Curtis Martinez,PRMGT591
9211,Chelsea Browning,PRMGT591
4031,Sarah Andrews,PRMGT591
1117,Curtis Martinez,PRMGT591
9231,Chelsea Browning,PRMGT591
1999,Sarah Andrews,PRMGT591
6006,Curtis Martinez,PRMGT591
1963,Chelsea Browning,PRMGT591
3874,Sarah Andrews,PRMGT591
2649,Curtis Martinez,PRMGT591
5053,Lisa Evans,MRKTG947
9171,Kimberly Hahn,MRKTG947
6182,Lisa Evans,MRKTG947
5755,Kimberly Hahn,MRKTG947
1104,Lisa Evans,MRKTG947
2316,Kimberly Hahn,MRKTG947
6800,Lisa Evans,MRKTG947
9183,Kimberly Hahn,MRKTG947
2499,Lisa Evans,MRKTG947
5738,Kimberly Hahn,MRKTG947
6605,Lisa Evans,MRKTG947
2657,Kimberly Hahn,MRKTG947
4617,Lisa Evans,MRKTG947
4511,Kimberly Hahn,MRKTG947
9430,Lisa Evans,MRKTG947
6841,Kimberly Hahn,MRKTG947
9082,Lisa Evans,MRKTG947
7629,Kimberly Hahn,MRKTG947
2892,Lisa Evans,MRKTG947
8804,Kimberly Hahn,MRKTG947
2814,Jennifer Crawford,ENGCV958
4099,Michele Jackson,ENGCV958
4376,Jennifer Crawford,ENGCV958
8018,Michele Jackson,ENGCV958
8722,Jennifer Crawford,ENGCV958
5122,Michele Jackson,ENGCV958
3469,Jennifer Crawford,ENGCV958
3530,Michele Jackson,ENGCV958
2777,Jennifer Crawford,ENGCV958
9721,Michele Jackson,ENGCV958
3706,Jennifer Crawford,ENGCV958
9600,Michele Jackson,ENGCV958
3990,Jennifer Crawford,ENGCV958
9011,Michele Jackson,ENGCV958
4058,Jennifer Crawford,ENGCV958
1660,Michele Jackson,ENGCV958
4985,Jennifer Crawford,ENGCV958
5555,Michele Jackson,ENGCV958
3098,Jennifer Crawford,ENGCV958
1880,Michele Jackson,ENGCV958
2877,Michelle Castillo,WGSTS423
2341,Michelle Castillo,WGSTS423
2098,Michelle Castillo,WGSTS423
7593,Michelle Castillo,WGSTS423
4360,Michelle Castillo,WGSTS423
7093,Michelle Castillo,WGSTS423
1311,Michelle Castillo,WGSTS423
